sample_id,decision,tags,note
trp00000,keep,,
trp00001,keep,,
trp00002,keep,,
trp00003,keep,,
trp00004,keep,,
trp00005,keep,,
trp00006,keep,,
trp00007,keep,,
trp00008,keep,,
trp00009,keep,,
trp00010,keep,,
trp00011,keep,,
trp00012,keep,,
trp00013,keep,,
trp00014,keep,,
trp00015,keep,,
trp00016,reject,,错误框，画面其他内容占比过高，未完整截取人脸
trp00017,keep,,
trp00018,keep,,
trp00019,keep,,
trp00020,keep,,
trp00021,keep,,
trp00022,keep,,
trp00023,keep,,
trp00024,keep,,
trp00025,keep,,
trp00026,keep,,
trp00027,keep,,
trp00028,keep,,
trp00029,keep,,
trp00030,keep,,
trp00031,keep,,
trp00032,keep,,
trp00033,keep,,
trp00034,keep,,
trp00035,keep,,
trp00036,keep,,
trp00037,keep,,
trp00038,keep,,
trp00039,keep,,
trp00040,keep,,
trp00041,keep,,
trp00042,keep,,
trp00043,keep,,
trp00044,keep,,
trp00045,keep,,
trp00046,keep,,
trp00047,keep,,
trp00048,keep,,
trp00049,keep,,
trp00050,keep,,
trp00051,keep,,
trp00052,reject,,面部被大幅裁切，仅保留局部轮廓
trp00053,keep,,
trp00054,keep,,
trp00055,keep,,
trp00056,keep,,
trp00057,keep,,
trp00058,keep,,
trp00059,keep,,
trp00060,keep,,
trp00061,keep,,
trp00062,keep,,
trp00063,keep,,
trp00064,keep,,
trp00065,keep,,
trp00066,keep,,
trp00067,keep,,
trp00068,keep,,
trp00069,keep,,
trp00070,keep,,
trp00071,keep,,
trp00072,keep,,
trp00073,keep,,
trp00074,keep,,
trp00075,keep,,
trp00076,keep,,
trp00077,keep,,
trp00078,keep,,
trp00079,keep,,
trp00080,keep,,
trp00081,keep,,
trp00082,keep,,
trp00083,keep,,
trp00084,keep,,
trp00085,keep,,
trp00086,keep,,
trp00087,keep,,
trp00088,keep,,
trp00089,keep,,
trp00090,keep,,
trp00091,keep,,
trp00092,keep,,
trp00093,keep,,
trp00094,keep,,
trp00095,keep,,
trp00096,keep,,
trp00097,keep,,
trp00098,keep,,
trp00099,keep,,
trp00100,keep,,
trp00101,keep,,
trp00102,keep,,
trp00103,keep,,
trp00104,keep,,
trp00105,keep,,
trp00106,keep,,
trp00107,keep,,
trp00108,keep,,
trp00109,keep,,
trp00110,keep,,
trp00111,keep,,
trp00112,keep,,
trp00113,keep,,
trp00114,keep,,
trp00115,keep,,
trp00116,keep,,
trp00117,keep,,
trp00118,keep,,
trp00119,keep,,
trp00120,keep,,
trp00121,keep,,
trp00122,keep,,
trp00123,keep,,
trp00124,keep,,
trp00125,keep,,
trp00126,keep,,
trp00127,keep,,
trp00128,keep,,
trp00129,keep,,
trp00130,keep,,
trp00131,keep,,
trp00132,keep,,
trp00133,keep,,
trp00134,keep,,
trp00135,keep,,
trp00136,keep,,
trp00137,keep,,
trp00138,keep,,
trp00139,keep,,
trp00140,keep,,
trp00141,keep,,
trp00142,keep,,
trp00143,keep,,
trp00144,keep,,
trp00145,keep,,
trp00146,keep,,
trp00147,keep,,
trp00148,keep,,
trp00149,keep,,
trp00150,keep,,
trp00151,keep,,
trp00152,reject,,低清晰度且局部遮挡，无法可靠辨认完整人脸
trp00153,keep,,
trp00154,keep,,
trp00155,keep,,
trp00156,keep,,
trp00157,keep,,
trp00158,keep,,
trp00159,keep,,
trp00160,keep,,
trp00161,keep,,
trp00162,keep,,
trp00163,keep,,
trp00164,keep,,
trp00165,keep,,
trp00166,keep,,
trp00167,keep,,
trp00168,keep,,
trp00169,keep,,
trp00170,keep,,
trp00171,keep,,
trp00172,keep,,
trp00173,keep,,
trp00174,keep,,
trp00175,keep,,
trp00176,keep,,
trp00177,keep,,
trp00178,keep,,
trp00179,keep,,
trp00180,keep,,
trp00181,keep,,
trp00182,keep,,
trp00183,keep,,
trp00184,keep,,
trp00185,keep,,
trp00186,reject,,图像过浅，五官难以辨认
trp00187,reject,,仅保留眼部及局部脸侧，面部不完整
trp00188,keep,,
trp00189,keep,,
trp00190,keep,,
trp00191,keep,,
trp00192,keep,,
trp00193,keep,,
trp00194,keep,,
trp00195,keep,,
trp00196,keep,,
trp00197,keep,,
trp00198,keep,,
trp00199,keep,,
trp00200,keep,,
trp00201,keep,,
trp00202,keep,,
trp00203,keep,,
trp00204,keep,,
trp00205,keep,,
trp00206,keep,,
trp00207,keep,,
trp00208,keep,,
trp00209,keep,,
trp00210,keep,,
trp00211,keep,,
trp00212,keep,,
trp00213,keep,,
trp00214,keep,,
trp00215,keep,,
trp00216,keep,,
trp00217,keep,,
trp00218,keep,,
trp00219,keep,,
trp00220,keep,,
trp00221,keep,,
trp00222,keep,,
trp00223,keep,,
trp00224,keep,,
trp00225,keep,,
trp00226,keep,,
trp00227,keep,,
trp00228,keep,,
trp00229,keep,,
trp00230,keep,,
trp00231,keep,,
trp00232,keep,,
trp00233,keep,,
trp00234,keep,,
trp00235,keep,,
trp00236,keep,,
trp00237,keep,,
trp00238,keep,,
trp00239,keep,,
trp00240,keep,,
trp00241,keep,,
trp00242,keep,,
trp00243,keep,,
trp00244,keep,,
trp00245,keep,,
trp00246,keep,,
trp00247,keep,,
trp00248,keep,,
trp00249,keep,,
trp00250,keep,,
trp00251,keep,,
trp00252,keep,,
trp00253,keep,,
trp00254,keep,,
trp00255,keep,,
trp00256,keep,,
trp00257,keep,,
trp00258,keep,,
trp00259,keep,,
trp00260,keep,,
trp00261,reject,,错误框，画面框线与局部面部混杂
trp00262,keep,,
trp00263,keep,,
trp00264,keep,,
trp00265,keep,,
trp00266,keep,,
trp00267,keep,,
trp00268,keep,,
trp00269,keep,,
trp00270,keep,,
trp00271,keep,,
trp00272,keep,,
trp00273,keep,,
trp00274,keep,,
trp00275,keep,,
trp00276,reject,,头发与遮挡区域占比过大，面部不完整
trp00277,keep,,
trp00278,keep,,
trp00279,keep,,
trp00280,keep,,
trp00281,keep,,
trp00282,keep,,
trp00283,keep,,
trp00284,keep,,
trp00285,keep,,
trp00286,keep,,
trp00287,keep,,
trp00288,keep,,
trp00289,keep,,
trp00290,reject,,面部局部过曝或线条过浅，五官难以辨认
trp00291,keep,,
trp00292,keep,,
trp00293,keep,,
trp00294,keep,,
trp00295,keep,,
trp00296,keep,,
trp00297,keep,,
trp00298,keep,,
trp00299,keep,,
trp00300,keep,,
trp00301,keep,,
trp00302,keep,,
trp00303,keep,,
trp00304,keep,,
trp00305,keep,,
trp00306,keep,,
trp00307,keep,,
trp00308,keep,,
trp00309,keep,,
trp00310,keep,,
trp00311,keep,,
trp00312,keep,,
trp00313,keep,,
trp00314,keep,,
trp00315,keep,,
trp00316,keep,,
trp00317,reject,,侧脸仅保留部分轮廓，脸部被裁切
trp00318,keep,,
trp00319,keep,,
trp00320,keep,,
trp00321,keep,,
trp00322,keep,,
trp00323,keep,,
trp00324,keep,,
trp00325,keep,,
trp00326,keep,,
trp00327,keep,,
trp00328,keep,,
trp00329,keep,,
trp00330,keep,,
trp00331,keep,,
trp00332,keep,,
trp00333,reject,,错误框，主要内容非完整面部
trp00334,keep,,
trp00335,keep,,
trp00336,keep,,
trp00337,keep,,
trp00338,keep,,
trp00339,keep,,
trp00340,keep,,
trp00341,keep,,
trp00342,keep,,
trp00343,keep,,
trp00344,keep,,
trp00345,keep,,
trp00346,keep,,
trp00347,keep,,
trp00348,keep,,
trp00349,keep,,
trp00350,keep,,
trp00351,keep,,
trp00352,keep,,
trp00353,keep,,
trp00354,keep,,
trp00355,keep,,
trp00356,keep,,
trp00357,keep,,
trp00358,keep,,
trp00359,keep,,
trp00360,keep,,
trp00361,keep,,
trp00362,keep,,
trp00363,keep,,
trp00364,keep,,
trp00365,keep,,
trp00366,keep,,
trp00367,keep,,
trp00368,keep,,
trp00369,keep,,
trp00370,keep,,
trp00371,keep,,
trp00372,keep,,
trp00373,keep,,
trp00374,keep,,
trp00375,keep,,
trp00376,keep,,
trp00377,keep,,
trp00378,keep,,
trp00379,keep,,
trp00380,keep,,
trp00381,keep,,
trp00382,keep,,
trp00383,keep,,
trp00384,keep,,
trp00385,keep,,
trp00386,keep,,
trp00387,keep,,
trp00388,keep,,
trp00389,keep,,
trp00390,keep,,
trp00391,keep,,
trp00392,keep,,
trp00393,keep,,
trp00394,keep,,
trp00395,keep,,
trp00396,keep,,
trp00397,reject,,人脸区域与其他画面内容混杂，完整面部不可辨认
trp00398,keep,,
trp00399,keep,,
trp00400,keep,,
trp00401,keep,,
trp00402,keep,,
trp00403,keep,,
trp00404,keep,,
trp00405,keep,,
trp00406,keep,,
trp00407,reject,,错误框，画面线条占比过高，无法定位完整人脸
trp00408,keep,,
trp00409,keep,,
trp00410,keep,,
trp00411,keep,,
trp00412,keep,,
trp00413,keep,,
trp00414,keep,,
trp00415,keep,,
trp00416,keep,,
trp00417,keep,,
trp00418,keep,,
trp00419,keep,,
trp00420,keep,,
trp00421,keep,,
trp00422,keep,,
trp00423,keep,,
trp00424,keep,,
trp00425,keep,,
trp00426,keep,,
trp00427,keep,,
trp00428,keep,,
trp00429,keep,,
trp00430,keep,,
trp00431,keep,,
trp00432,keep,,
trp00433,keep,,
trp00434,keep,,
trp00435,keep,,
trp00436,keep,,
trp00437,keep,,
trp00438,keep,,
trp00439,keep,,
trp00440,keep,,
trp00441,keep,,
trp00442,keep,,
trp00443,keep,,
trp00444,keep,,
trp00445,keep,,
trp00446,keep,,
trp00447,keep,,
trp00448,keep,,
trp00449,keep,,
trp00450,keep,,
trp00451,keep,,
trp00452,keep,,
trp00453,keep,,
trp00454,keep,,
trp00455,keep,,
trp00456,keep,,
trp00457,keep,,
trp00458,reject,,低分辨率且背景干扰严重，面部不清晰
trp00459,keep,,
trp00460,keep,,
trp00461,keep,,
trp00462,keep,,
trp00463,keep,,
trp00464,keep,,
trp00465,keep,,
trp00466,keep,,
trp00467,keep,,
trp00468,keep,,
trp00469,keep,,
trp00470,keep,,
trp00471,keep,,
trp00472,keep,,
trp00473,keep,,
trp00474,keep,,
trp00475,keep,,
trp00476,keep,,
trp00477,keep,,
trp00478,reject,,错误框，主要截取非人脸区域
trp00479,keep,,
trp00480,keep,,
trp00481,keep,,
trp00482,keep,,
trp00483,keep,,
trp00484,keep,,
trp00485,keep,,
trp00486,keep,,
trp00487,keep,,
trp00488,reject,,头发遮挡且脸部被裁切，主要五官缺失
trp00489,keep,,
trp00490,keep,,
trp00491,keep,,
trp00492,keep,,
trp00493,keep,,
trp00494,keep,,
trp00495,keep,,
trp00496,reject,,错误框，框内人物及背景混杂，脸部不完整
trp00497,keep,,
trp00498,keep,,
trp00499,keep,,
trp00500,reject,,裁剪偏移，面部仅余局部五官
trp00501,keep,,
trp00502,keep,,
trp00503,reject,,严重遮挡和裁切，面部难以辨认
trp00504,keep,,
trp00505,keep,,
trp00506,keep,,
trp00507,keep,,
trp00508,keep,,
trp00509,keep,,
trp00510,keep,,
trp00511,keep,,
trp00512,keep,,
trp00513,keep,,
trp00514,keep,,
trp00515,keep,,
trp00516,keep,,
trp00517,keep,,
trp00518,keep,,
trp00519,keep,,
trp00520,keep,,
trp00521,keep,,
trp00522,keep,,
trp00523,keep,,
trp00524,keep,,
trp00525,keep,,
trp00526,keep,,
trp00527,keep,,
trp00528,keep,,
trp00529,keep,,
trp00530,keep,,
trp00531,keep,,
trp00532,keep,,
trp00533,keep,,
trp00534,keep,,
trp00535,keep,,
trp00536,keep,,
trp00537,keep,,
trp00538,keep,,
trp00539,keep,,
trp00540,keep,,
trp00541,keep,,
trp00542,reject,,错误框，非人脸图案占比过大
trp00543,keep,,
trp00544,keep,,
trp00545,keep,,
trp00546,keep,,
trp00547,keep,,
trp00548,keep,,
trp00549,keep,,
trp00550,keep,,
trp00551,keep,,
trp00552,keep,,
trp00553,keep,,
trp00554,keep,,
trp00555,keep,,
trp00556,keep,,
trp00557,keep,,
trp00558,keep,,
trp00559,keep,,
trp00560,keep,,
trp00561,keep,,
trp00562,keep,,
trp00563,reject,,错误框，框内以画面线条为主，缺少完整脸部
trp00564,keep,,
trp00565,keep,,
trp00566,keep,,
trp00567,keep,,
trp00568,keep,,
trp00569,keep,,
trp00570,keep,,
trp00571,keep,,
trp00572,keep,,
trp00573,keep,,
trp00574,keep,,
trp00575,keep,,
trp00576,keep,,
trp00577,keep,,
trp00578,reject,,脸部主要五官被遮挡，面部不完整
trp00579,keep,,
trp00580,keep,,
trp00581,keep,,
trp00582,keep,,
trp00583,keep,,
trp00584,keep,,
trp00585,keep,,
trp00586,keep,,
trp00587,keep,,
trp00588,keep,,
trp00589,reject,,错误框，画面内容混杂，无法辨认完整脸部
trp00590,keep,,
trp00591,reject,,画面线条及背景干扰严重，五官难以辨认
trp00592,keep,,
trp00593,keep,,
trp00594,keep,,
trp00595,keep,,
trp00596,keep,,
trp00597,keep,,
trp00598,keep,,
trp00599,keep,,
trp00600,keep,,
trp00601,keep,,
trp00602,keep,,
trp00603,keep,,
trp00604,keep,,
trp00605,keep,,
trp00606,keep,,
trp00607,keep,,
trp00608,keep,,
trp00609,keep,,
trp00610,keep,,
trp00611,keep,,
trp00612,keep,,
trp00613,keep,,
trp00614,keep,,
trp00615,keep,,
trp00616,keep,,
trp00617,keep,,
trp00618,keep,,
trp00619,keep,,
trp00620,keep,,
trp00621,reject,,人脸被上缘裁切，五官保留不完整
trp00622,keep,,
trp00623,keep,,
trp00624,keep,,
trp00625,keep,,
trp00626,keep,,
trp00627,keep,,
trp00628,keep,,
trp00629,keep,,
trp00630,keep,,
trp00631,keep,,
trp00632,keep,,
trp00633,keep,,
trp00634,keep,,
trp00635,keep,,
trp00636,keep,,
trp00637,keep,,
trp00638,keep,,
trp00639,keep,,
trp00640,keep,,
trp00641,keep,,
trp00642,keep,,
trp00643,keep,,
trp00644,keep,,
trp00645,keep,,
trp00646,keep,,
trp00647,keep,,
trp00648,keep,,
trp00649,keep,,
trp00650,keep,,
trp00651,keep,,
trp00652,keep,,
trp00653,keep,,
trp00654,keep,,
trp00655,keep,,
trp00656,keep,,
trp00657,keep,,
trp00658,keep,,
trp00659,keep,,
trp00660,keep,,
trp00661,keep,,
trp00662,keep,,
trp00663,keep,,
trp00664,keep,,
trp00665,keep,,
trp00666,keep,,
trp00667,keep,,
trp00668,keep,,
trp00669,keep,,
trp00670,keep,,
trp00671,keep,,
trp00672,keep,,
trp00673,keep,,
trp00674,keep,,
trp00675,keep,,
trp00676,keep,,
trp00677,keep,,
trp00678,keep,,
trp00679,keep,,
trp00680,keep,,
trp00681,keep,,
trp00682,keep,,
trp00683,keep,,
trp00684,keep,,
trp00685,keep,,
trp00686,keep,,
trp00687,keep,,
trp00688,keep,,
trp00689,keep,,
trp00690,keep,,
trp00691,keep,,
trp00692,keep,,
trp00693,keep,,
trp00694,keep,,
trp00695,keep,,
trp00696,keep,,
trp00697,reject,,脸部被裁切且局部模糊，面部结构不完整
trp00698,keep,,
trp00699,keep,,
trp00700,keep,,
trp00701,keep,,
trp00702,keep,,
trp00703,keep,,
trp00704,keep,,
trp00705,keep,,
trp00706,keep,,
trp00707,reject,,侧脸裁切过重，主要五官缺失
trp00708,keep,,
trp00709,keep,,
trp00710,keep,,
trp00711,keep,,
trp00712,keep,,
trp00713,keep,,
trp00714,keep,,
trp00715,keep,,
trp00716,keep,,
trp00717,keep,,
trp00718,keep,,
trp00719,keep,,
trp00720,keep,,
trp00721,keep,,
trp00722,reject,,仅有下半脸或局部面部轮廓，非完整人脸
trp00723,keep,,
trp00724,keep,,
trp00725,keep,,
trp00726,keep,,
trp00727,keep,,
trp00728,keep,,
trp00729,keep,,
trp00730,keep,,
trp00731,keep,,
trp00732,keep,,
trp00733,keep,,
trp00734,keep,,
trp00735,keep,,
trp00736,keep,,
trp00737,keep,,
trp00738,keep,,
trp00739,keep,,
trp00740,keep,,
trp00741,keep,,
trp00742,keep,,
trp00743,keep,,
trp00744,keep,,
trp00745,keep,,
trp00746,keep,,
trp00747,keep,,
trp00748,keep,,
trp00749,keep,,
trp00750,keep,,
trp00751,keep,,
trp00752,keep,,
trp00753,keep,,
trp00754,keep,,
trp00755,keep,,
trp00756,keep,,
trp00757,keep,,
trp00758,keep,,
trp00759,keep,,
trp00760,keep,,
trp00761,keep,,
trp00762,keep,,
trp00763,keep,,
trp00764,keep,,
trp00765,keep,,
trp00766,keep,,
trp00767,keep,,
trp00768,keep,,
trp00769,keep,,
trp00770,keep,,
trp00771,keep,,
trp00772,keep,,
trp00773,keep,,
trp00774,keep,,
trp00775,keep,,
trp00776,keep,,
trp00777,keep,,
trp00778,reject,,头部侧缘被截断，面部信息不足
trp00779,keep,,
trp00780,keep,,
trp00781,keep,,
trp00782,keep,,
trp00783,keep,,
trp00784,keep,,
trp00785,reject,,侧脸被裁切，脸部轮廓不完整
trp00786,keep,,
trp00787,keep,,
trp00788,keep,,
trp00789,keep,,
trp00790,keep,,
trp00791,keep,,
trp00792,reject,,侧脸过度裁切，仅保留部分轮廓
trp00793,keep,,
trp00794,keep,,
trp00795,keep,,
trp00796,keep,,
trp00797,keep,,
trp00798,keep,,
trp00799,keep,,
trp00800,keep,,
trp00801,keep,,
trp00802,keep,,
trp00803,keep,,
trp00804,keep,,
trp00805,keep,,
trp00806,keep,,
trp00807,keep,,
trp00808,keep,,
trp00809,keep,,
trp00810,keep,,
trp00811,keep,,
trp00812,keep,,
trp00813,keep,,
trp00814,keep,,
trp00815,keep,,
trp00816,keep,,
trp00817,keep,,
trp00818,keep,,
trp00819,keep,,
trp00820,keep,,
trp00821,keep,,
trp00822,keep,,
trp00823,keep,,
trp00824,keep,,
trp00825,keep,,
trp00826,keep,,
trp00827,keep,,
trp00828,keep,,
trp00829,keep,,
trp00830,keep,,
trp00831,keep,,
trp00832,keep,,
trp00833,keep,,
trp00834,keep,,
trp00835,keep,,
trp00836,keep,,
trp00837,keep,,
trp00838,keep,,
trp00839,keep,,
trp00840,keep,,
trp00841,keep,,
trp00842,keep,,
trp00843,keep,,
trp00844,keep,,
trp00845,keep,,
trp00846,keep,,
trp00847,keep,,
trp00848,reject,,仅保留下半脸，眼部等关键部位缺失
trp00849,keep,,
trp00850,keep,,
trp00851,keep,,
trp00852,keep,,
trp00853,keep,,
trp00854,keep,,
trp00855,keep,,
trp00856,keep,,
trp00857,reject,,面部模糊且局部遮挡，完整人脸难以辨认
trp00858,keep,,
trp00859,keep,,
trp00860,keep,,
trp00861,keep,,
trp00862,keep,,
trp00863,keep,,
trp00864,keep,,
trp00865,keep,,
trp00866,keep,,
trp00867,keep,,
trp00868,keep,,
trp00869,keep,,
trp00870,keep,,
trp00871,keep,,
trp00872,keep,,
trp00873,keep,,
trp00874,keep,,
trp00875,keep,,
trp00876,keep,,
trp00877,keep,,
trp00878,keep,,
trp00879,keep,,
trp00880,keep,,
trp00881,keep,,
trp00882,keep,,
trp00883,keep,,
trp00884,keep,,
trp00885,keep,,
trp00886,keep,,
trp00887,keep,,
trp00888,keep,,
trp00889,keep,,
trp00890,keep,,
trp00891,keep,,
trp00892,keep,,
trp00893,keep,,
trp00894,keep,,
trp00895,keep,,
trp00896,keep,,
trp00897,keep,,
trp00898,keep,,
trp00899,keep,,
trp00900,keep,,
trp00901,keep,,
trp00902,keep,,
trp00903,keep,,
trp00904,keep,,
trp00905,keep,,
trp00906,keep,,
trp00907,keep,,
trp00908,keep,,
trp00909,keep,,
trp00910,keep,,
trp00911,keep,,
trp00912,keep,,
trp00913,keep,,
trp00914,keep,,
trp00915,keep,,
trp00916,keep,,
trp00917,keep,,
trp00918,keep,,
trp00919,keep,,
trp00920,keep,,
trp00921,keep,,
trp00922,keep,,
trp00923,keep,,
trp00924,keep,,
trp00925,keep,,
trp00926,keep,,
trp00927,keep,,
trp00928,keep,,
trp00929,keep,,
trp00930,keep,,
trp00931,keep,,
trp00932,keep,,
trp00933,keep,,
trp00934,keep,,
trp00935,keep,,
trp00936,keep,,
trp00937,keep,,
trp00938,keep,,
trp00939,keep,,
trp00940,keep,,
trp00941,reject,,脸部被画面边界裁切，五官不完整
trp00942,keep,,
trp00943,keep,,
trp00944,keep,,
trp00945,keep,,
trp00946,keep,,
trp00947,keep,,
trp00948,keep,,
trp00949,keep,,
trp00950,keep,,
trp00951,keep,,
trp00952,keep,,
trp00953,keep,,
trp00954,keep,,
trp00955,keep,,
trp00956,reject,,画面过浅，脸部结构难以辨认
trp00957,keep,,
trp00958,reject,,脸部侧缘与背景混杂，主要五官不完整
trp00959,keep,,
trp00960,keep,,
trp00961,keep,,
trp00962,keep,,
trp00963,keep,,
trp00964,keep,,
trp00965,keep,,
trp00966,keep,,
trp00967,keep,,
trp00968,keep,,
trp00969,keep,,
trp00970,keep,,
trp00971,keep,,
trp00972,keep,,
trp00973,keep,,
trp00974,reject,,头发遮挡且脸部裁切，面部难以辨认
trp00975,keep,,
trp00976,keep,,
trp00977,keep,,
trp00978,keep,,
trp00979,keep,,
trp00980,keep,,
trp00981,keep,,
trp00982,keep,,
trp00983,keep,,
trp00984,keep,,
trp00985,keep,,
trp00986,keep,,
trp00987,reject,,脸部边界模糊，面部细节不足以确认完整人脸
trp00988,keep,,
trp00989,keep,,
trp00990,keep,,
trp00991,keep,,
trp00992,keep,,
trp00993,keep,,
trp00994,keep,,
trp00995,keep,,
trp00996,reject,,画面线条与面部局部混杂，缺少完整脸部
trp00997,keep,,
trp00998,keep,,
trp00999,keep,,
trp01000,keep,,
trp01001,keep,,
trp01002,keep,,
trp01003,keep,,
trp01004,keep,,
trp01005,keep,,
trp01006,keep,,
trp01007,keep,,
trp01008,keep,,
trp01009,keep,,
trp01010,keep,,
trp01011,keep,,
trp01012,keep,,
trp01013,keep,,
trp01014,keep,,
trp01015,keep,,
trp01016,keep,,
trp01017,keep,,
trp01018,keep,,
trp01019,keep,,
trp01020,keep,,
trp01021,keep,,
trp01022,keep,,
trp01023,keep,,
trp01024,keep,,
trp01025,keep,,
trp01026,keep,,
trp01027,keep,,
trp01028,keep,,
trp01029,keep,,
trp01030,keep,,
trp01031,reject,,头发遮挡，下半脸及面部轮廓不完整
trp01032,keep,,
trp01033,reject,,侧脸被截断且线条过浅，面部不完整
trp01034,keep,,
trp01035,keep,,
trp01036,keep,,
trp01037,keep,,
trp01038,keep,,
trp01039,keep,,
trp01040,keep,,
trp01041,keep,,
trp01042,keep,,
trp01043,reject,,裁剪位置偏移，仅保留局部五官
trp01044,keep,,
trp01045,keep,,
trp01046,keep,,
trp01047,keep,,
trp01048,keep,,
trp01049,keep,,
trp01050,keep,,
trp01051,keep,,
trp01052,keep,,
trp01053,keep,,
trp01054,keep,,
trp01055,keep,,
trp01056,keep,,
trp01057,keep,,
trp01058,keep,,
trp01059,keep,,
trp01060,keep,,
trp01061,keep,,
trp01062,keep,,
trp01063,keep,,
trp01064,keep,,
trp01065,keep,,
trp01066,keep,,
trp01067,keep,,
trp01068,keep,,
trp01069,keep,,
trp01070,keep,,
trp01071,keep,,
trp01072,keep,,
trp01073,keep,,
trp01074,keep,,
trp01075,keep,,
trp01076,keep,,
trp01077,keep,,
trp01078,keep,,
trp01079,reject,,错误框，非人脸图案或画面线条占比过大
trp01080,keep,,
trp01081,keep,,
trp01082,keep,,
trp01083,keep,,
trp01084,keep,,
trp01085,keep,,
trp01086,keep,,
trp01087,keep,,
trp01088,keep,,
trp01089,keep,,
trp01090,keep,,
trp01091,reject,,脸部遮挡明显，主要五官不完整
trp01092,keep,,
trp01093,keep,,
trp01094,keep,,
trp01095,reject,,面部部分被截断，仅保留局部五官
trp01096,keep,,
trp01097,keep,,
trp01098,keep,,
trp01099,keep,,
trp01100,keep,,
trp01101,keep,,
trp01102,reject,,框内线条与背景干扰严重，未见完整面部
trp01103,keep,,
trp01104,keep,,
trp01105,keep,,
trp01106,keep,,
trp01107,keep,,
trp01108,keep,,
trp01109,keep,,
trp01110,keep,,
trp01111,keep,,
trp01112,keep,,
trp01113,keep,,
trp01114,keep,,
trp01115,keep,,
trp01116,keep,,
trp01117,keep,,
trp01118,keep,,
trp01119,keep,,
trp01120,keep,,
trp01121,keep,,
trp01122,keep,,
trp01123,keep,,
trp01124,keep,,
trp01125,keep,,
trp01126,keep,,
trp01127,keep,,
trp01128,keep,,
trp01129,keep,,
trp01130,keep,,
trp01131,keep,,
trp01132,keep,,
trp01133,keep,,
trp01134,keep,,
trp01135,keep,,
trp01136,keep,,
trp01137,reject,,低对比度且裁切过重，脸部难以辨认
trp01138,keep,,
trp01139,keep,,
trp01140,keep,,
trp01141,keep,,
trp01142,keep,,
trp01143,keep,,
trp01144,keep,,
trp01145,keep,,
trp01146,keep,,
trp01147,reject,,错误框，主体以非面部图案为主
trp01148,keep,,
trp01149,keep,,
trp01150,keep,,
trp01151,reject,,错误框，框内面部不完整且背景干扰明显
trp01152,keep,,
trp01153,keep,,
trp01154,keep,,
trp01155,keep,,
trp01156,keep,,
trp01157,keep,,
trp01158,keep,,
trp01159,keep,,
trp01160,keep,,
trp01161,keep,,
trp01162,keep,,
trp01163,keep,,
trp01164,keep,,
trp01165,reject,,脸部主要轮廓被截断，无法确认完整人脸
trp01166,keep,,
trp01167,keep,,
trp01168,keep,,
trp01169,keep,,
trp01170,keep,,
trp01171,keep,,
trp01172,keep,,
trp01173,keep,,
trp01174,keep,,
trp01175,reject,,疑似人脸区域被过度裁切，五官结构不足
trp01176,keep,,
trp01177,keep,,
trp01178,keep,,
trp01179,keep,,
trp01180,keep,,
trp01181,keep,,
trp01182,keep,,
trp01183,keep,,
trp01184,keep,,
trp01185,reject,,脸部部分被遮挡，无法准确识别完整五官
trp01186,keep,,
trp01187,keep,,
trp01188,reject,,面部裁切过重，五官不完整
trp01189,keep,,
trp01190,keep,,
trp01191,keep,,
trp01192,keep,,
trp01193,keep,,
trp01194,keep,,
trp01195,keep,,
trp01196,keep,,
trp01197,keep,,
trp01198,keep,,
trp01199,keep,,
trp01200,keep,,
trp01201,keep,,
trp01202,keep,,
trp01203,keep,,
trp01204,keep,,
trp01205,keep,,
trp01206,keep,,
trp01207,keep,,
trp01208,keep,,
trp01209,keep,,
trp01210,keep,,
trp01211,keep,,
trp01212,reject,,错误框，框内并非清晰完整的人脸
trp01213,keep,,
trp01214,keep,,
trp01215,keep,,
trp01216,keep,,
trp01217,keep,,
trp01218,keep,,
trp01219,keep,,
trp01220,keep,,
trp01221,keep,,
trp01222,keep,,
trp01223,keep,,
trp01224,keep,,
trp01225,keep,,
trp01226,keep,,
trp01227,keep,,
trp01228,keep,,
trp01229,keep,,
trp01230,keep,,
trp01231,keep,,
trp01232,keep,,
trp01233,keep,,
trp01234,keep,,
trp01235,keep,,
trp01236,keep,,
trp01237,keep,,
trp01238,keep,,
trp01239,keep,,
trp01240,keep,,
trp01241,keep,,
trp01242,keep,,
trp01243,keep,,
trp01244,keep,,
trp01245,keep,,
trp01246,keep,,
trp01247,keep,,
trp01248,keep,,
trp01249,keep,,
trp01250,keep,,
trp01251,keep,,
trp01252,keep,,
trp01253,keep,,
trp01254,keep,,
trp01255,keep,,
trp01256,keep,,
trp01257,keep,,
trp01258,keep,,
trp01259,keep,,
trp01260,keep,,
trp01261,keep,,
trp01262,keep,,
trp01263,keep,,
trp01264,keep,,
trp01265,keep,,
trp01266,keep,,
trp01267,keep,,
trp01268,keep,,
trp01269,keep,,
trp01270,keep,,
trp01271,keep,,
trp01272,keep,,
trp01273,keep,,
trp01274,keep,,
trp01275,keep,,
trp01276,keep,,
trp01277,keep,,
trp01278,keep,,
trp01279,keep,,
trp01280,keep,,
trp01281,keep,,
trp01282,keep,,
trp01283,keep,,
trp01284,keep,,
trp01285,keep,,
trp01286,keep,,
trp01287,keep,,
trp01288,keep,,
trp01289,keep,,
trp01290,keep,,
trp01291,keep,,
trp01292,keep,,
trp01293,keep,,
trp01294,keep,,
trp01295,keep,,
trp01296,keep,,
trp01297,keep,,
trp01298,keep,,
trp01299,keep,,
trp01300,keep,,
trp01301,keep,,
trp01302,keep,,
trp01303,keep,,
trp01304,keep,,
trp01305,keep,,
trp01306,keep,,
trp01307,keep,,
trp01308,keep,,
trp01309,keep,,
trp01310,keep,,
trp01311,keep,,
trp01312,keep,,
trp01313,keep,,
trp01314,keep,,
trp01315,keep,,
trp01316,keep,,
trp01317,reject,,脸部被裁切且局部遮挡，五官不完整
trp01318,keep,,
trp01319,keep,,
trp01320,keep,,
trp01321,keep,,
trp01322,keep,,
trp01323,keep,,
trp01324,reject,,面部图案过浅，五官难以可靠辨认
trp01325,keep,,
trp01326,keep,,
trp01327,keep,,
trp01328,keep,,
trp01329,keep,,
trp01330,keep,,
trp01331,keep,,
trp01332,keep,,
trp01333,keep,,
trp01334,keep,,
trp01335,keep,,
trp01336,keep,,
trp01337,keep,,
trp01338,keep,,
trp01339,keep,,
trp01340,keep,,
trp01341,keep,,
trp01342,keep,,
trp01343,keep,,
trp01344,keep,,
trp01345,keep,,
trp01346,keep,,
trp01347,keep,,
trp01348,keep,,
trp01349,reject,,裁剪偏移且人物与背景混杂，未形成完整脸部
trp01350,reject,,大面积头发遮挡，脸部不完整
trp01351,keep,,
trp01352,keep,,
trp01353,keep,,
trp01354,keep,,
trp01355,keep,,
trp01356,keep,,
trp01357,keep,,
trp01358,keep,,
trp01359,keep,,
trp01360,keep,,
trp01361,keep,,
trp01362,keep,,
trp01363,keep,,
trp01364,keep,,
trp01365,keep,,
trp01366,keep,,
trp01367,keep,,
trp01368,keep,,
trp01369,keep,,
trp01370,keep,,
trp01371,keep,,
trp01372,keep,,
trp01373,reject,,侧脸或面部边缘被截断，五官不完整
trp01374,keep,,
trp01375,keep,,
trp01376,keep,,
trp01377,keep,,
trp01378,keep,,
trp01379,reject,,错误框，主体为非人脸区域，面部不完整
trp01380,keep,,
trp01381,keep,,
trp01382,keep,,
trp01383,keep,,
trp01384,keep,,
trp01385,keep,,
trp01386,keep,,
trp01387,keep,,
trp01388,keep,,
trp01389,keep,,
trp01390,keep,,
trp01391,keep,,
trp01392,keep,,
trp01393,keep,,
trp01394,keep,,
trp01395,keep,,
trp01396,keep,,
trp01397,keep,,
trp01398,keep,,
trp01399,keep,,
trp01400,keep,,
trp01401,keep,,
trp01402,keep,,
trp01403,keep,,
trp01404,keep,,
trp01405,keep,,
trp01406,keep,,
trp01407,keep,,
trp01408,keep,,
trp01409,keep,,
trp01410,keep,,
trp01411,keep,,
trp01412,keep,,
trp01413,keep,,
trp01414,keep,,
trp01415,keep,,
trp01416,keep,,
trp01417,keep,,
trp01418,keep,,
trp01419,keep,,
trp01420,keep,,
trp01421,keep,,
trp01422,keep,,
trp01423,keep,,
trp01424,keep,,
trp01425,keep,,
trp01426,keep,,
trp01427,keep,,
trp01428,keep,,
trp01429,keep,,
trp01430,keep,,
trp01431,keep,,
trp01432,keep,,
trp01433,keep,,
trp01434,keep,,
trp01435,keep,,
trp01436,keep,,
trp01437,keep,,
trp01438,keep,,
trp01439,keep,,
trp01440,keep,,
trp01441,keep,,
trp01442,keep,,
trp01443,keep,,
trp01444,keep,,
trp01445,keep,,
trp01446,keep,,
trp01447,keep,,
trp01448,keep,,
trp01449,keep,,
trp01450,keep,,
trp01451,keep,,
trp01452,keep,,
trp01453,keep,,
trp01454,keep,,
trp01455,keep,,
trp01456,keep,,
trp01457,keep,,
trp01458,keep,,
trp01459,keep,,
trp01460,keep,,
trp01461,keep,,
trp01462,keep,,
trp01463,keep,,
trp01464,keep,,
trp01465,keep,,
trp01466,keep,,
trp01467,keep,,
trp01468,keep,,
trp01469,keep,,
trp01470,keep,,
trp01471,keep,,
trp01472,keep,,
trp01473,keep,,
trp01474,keep,,
trp01475,reject,,人脸轮廓被截断，脸部区域不足
trp01476,keep,,
trp01477,keep,,
trp01478,keep,,
trp01479,keep,,
trp01480,keep,,
trp01481,keep,,
trp01482,keep,,
trp01483,keep,,
trp01484,keep,,
trp01485,keep,,
trp01486,keep,,
trp01487,keep,,
trp01488,keep,,
trp01489,keep,,
trp01490,keep,,
trp01491,keep,,
trp01492,keep,,
trp01493,keep,,
trp01494,keep,,
trp01495,keep,,
trp01496,keep,,
trp01497,keep,,
trp01498,keep,,
trp01499,keep,,
trp01500,keep,,
trp01501,keep,,
trp01502,keep,,
trp01503,keep,,
trp01504,keep,,
trp01505,keep,,
trp01506,keep,,
trp01507,keep,,
trp01508,keep,,
trp01509,keep,,
trp01510,keep,,
trp01511,keep,,
trp01512,keep,,
trp01513,keep,,
trp01514,keep,,
trp01515,keep,,
trp01516,keep,,
trp01517,keep,,
trp01518,keep,,
trp01519,keep,,
trp01520,keep,,
trp01521,keep,,
trp01522,keep,,
trp01523,keep,,
trp01524,keep,,
trp01525,reject,,框内仅有局部面部及非人脸内容
trp01526,keep,,
trp01527,keep,,
trp01528,keep,,
trp01529,keep,,
trp01530,keep,,
trp01531,keep,,
trp01532,keep,,
trp01533,keep,,
trp01534,keep,,
trp01535,keep,,
trp01536,keep,,
trp01537,keep,,
trp01538,keep,,
trp01539,keep,,
trp01540,keep,,
trp01541,keep,,
trp01542,keep,,
trp01543,keep,,
trp01544,keep,,
trp01545,keep,,
trp01546,keep,,
trp01547,keep,,
trp01548,keep,,
trp01549,keep,,
trp01550,keep,,
trp01551,keep,,
trp01552,keep,,
trp01553,keep,,
trp01554,keep,,
trp01555,keep,,
trp01556,keep,,
trp01557,keep,,
trp01558,keep,,
trp01559,keep,,
trp01560,keep,,
trp01561,reject,,面部被裁切，五官保留不完整
trp01562,keep,,
trp01563,keep,,
trp01564,keep,,
trp01565,keep,,
trp01566,keep,,
trp01567,keep,,
trp01568,reject,,脸部被严重裁切，主要五官缺失
trp01569,reject,,仅保留脸部轮廓及少量五官，完整面部不清晰
trp01570,keep,,
trp01571,keep,,
trp01572,keep,,
trp01573,keep,,
trp01574,keep,,
trp01575,keep,,
trp01576,keep,,
trp01577,keep,,
trp01578,keep,,
trp01579,keep,,
trp01580,keep,,
trp01581,reject,,裁剪位置偏移，脸部不完整
trp01582,keep,,
trp01583,keep,,
trp01584,keep,,
trp01585,keep,,
trp01586,keep,,
trp01587,keep,,
trp01588,keep,,
trp01589,keep,,
trp01590,keep,,
trp01591,keep,,
trp01592,keep,,
trp01593,keep,,
trp01594,keep,,
trp01595,keep,,
trp01596,keep,,
trp01597,keep,,
trp01598,keep,,
trp01599,keep,,
trp01600,keep,,
trp01601,reject,,错误框，画面线条及局部五官混杂
trp01602,keep,,
trp01603,reject,,面部五官不足，脸部难以辨认
trp01604,keep,,
trp01605,keep,,
trp01606,keep,,
trp01607,keep,,
trp01608,keep,,
trp01609,keep,,
trp01610,keep,,
trp01611,keep,,
trp01612,keep,,
trp01613,keep,,
trp01614,keep,,
trp01615,reject,,侧脸或局部面部被裁切，缺少完整五官
trp01616,keep,,
trp01617,keep,,
trp01618,keep,,
trp01619,keep,,
trp01620,keep,,
trp01621,keep,,
trp01622,reject,,脸部边缘裁切且遮挡明显，五官不完整
trp01623,keep,,
trp01624,keep,,
trp01625,keep,,
trp01626,keep,,
trp01627,keep,,
trp01628,keep,,
trp01629,keep,,
trp01630,keep,,
trp01631,keep,,
trp01632,keep,,
trp01633,keep,,
trp01634,keep,,
trp01635,keep,,
trp01636,keep,,
trp01637,reject,,面部局部模糊或被遮挡，无法可靠识别完整人脸
trp01638,keep,,
trp01639,keep,,
trp01640,keep,,
trp01641,keep,,
trp01642,keep,,
trp01643,keep,,
trp01644,keep,,
trp01645,keep,,
trp01646,keep,,
trp01647,keep,,
trp01648,keep,,
trp01649,keep,,
trp01650,keep,,
trp01651,keep,,
trp01652,keep,,
trp01653,keep,,
trp01654,reject,,严重遮挡或错误框，缺少完整面部
trp01655,keep,,
trp01656,keep,,
trp01657,keep,,
trp01658,keep,,
trp01659,keep,,
trp01660,keep,,
trp01661,keep,,
trp01662,keep,,
trp01663,keep,,
trp01664,keep,,
trp01665,keep,,
trp01666,keep,,
trp01667,keep,,
trp01668,keep,,
trp01669,keep,,
trp01670,keep,,
trp01671,keep,,
trp01672,keep,,
trp01673,keep,,
trp01674,reject,,脸部下半部分被裁切，五官不完整
trp01675,keep,,
trp01676,keep,,
trp01677,keep,,
trp01678,keep,,
trp01679,keep,,
trp01680,keep,,
trp01681,reject,,错误框，框内以背景与局部线条为主
trp01682,keep,,
trp01683,keep,,
trp01684,keep,,
trp01685,reject,,仅保留头发及局部面部，五官不完整
trp01686,keep,,
trp01687,keep,,
trp01688,keep,,
trp01689,keep,,
trp01690,keep,,
trp01691,keep,,
trp01692,keep,,
trp01693,keep,,
trp01694,keep,,
trp01695,keep,,
trp01696,keep,,
trp01697,keep,,
trp01698,keep,,
trp01699,keep,,
trp01700,keep,,
trp01701,keep,,
trp01702,keep,,
trp01703,keep,,
trp01704,keep,,
trp01705,keep,,
trp01706,keep,,
trp01707,keep,,
trp01708,keep,,
trp01709,keep,,
trp01710,keep,,
trp01711,keep,,
trp01712,reject,,面部被边框截断，无法形成完整人脸
trp01713,keep,,
trp01714,keep,,
trp01715,keep,,
trp01716,keep,,
trp01717,keep,,
trp01718,keep,,
trp01719,keep,,
trp01720,keep,,
trp01721,keep,,
trp01722,keep,,
trp01723,keep,,
trp01724,keep,,
trp01725,keep,,
trp01726,keep,,
trp01727,keep,,
trp01728,reject,,错误框，脸部只占小部分且被裁切
trp01729,keep,,
trp01730,keep,,
trp01731,keep,,
trp01732,keep,,
trp01733,keep,,
trp01734,keep,,
trp01735,keep,,
trp01736,keep,,
trp01737,keep,,
trp01738,reject,,侧脸被边界截断，面部不完整
trp01739,keep,,
trp01740,keep,,
trp01741,keep,,
trp01742,keep,,
trp01743,keep,,
trp01744,keep,,
trp01745,keep,,
trp01746,keep,,
trp01747,keep,,
trp01748,reject,,错误框，框内主要是画面碎片，无法辨认完整人脸
trp01749,keep,,
trp01750,keep,,
trp01751,keep,,
trp01752,keep,,
trp01753,keep,,
trp01754,keep,,
trp01755,keep,,
trp01756,keep,,
trp01757,keep,,
trp01758,keep,,
trp01759,keep,,
trp01760,keep,,
trp01761,reject,,脸部被裁切且线条模糊，完整面部不可辨认
trp01762,keep,,
trp01763,keep,,
trp01764,keep,,
trp01765,keep,,
trp01766,keep,,
trp01767,keep,,
trp01768,keep,,
trp01769,keep,,
trp01770,keep,,
trp01771,keep,,
trp01772,keep,,
trp01773,keep,,
trp01774,keep,,
trp01775,keep,,
trp01776,keep,,
trp01777,keep,,
trp01778,keep,,
trp01779,keep,,
trp01780,keep,,
trp01781,keep,,
trp01782,keep,,
trp01783,keep,,
trp01784,keep,,
trp01785,keep,,
trp01786,keep,,
trp01787,keep,,
trp01788,keep,,
trp01789,keep,,
trp01790,keep,,
trp01791,keep,,
trp01792,keep,,
trp01793,keep,,
trp01794,keep,,
trp01795,keep,,
trp01796,keep,,
trp01797,keep,,
trp01798,keep,,
trp01799,keep,,
trn00000,keep,,
trn00001,keep,,
trn00002,keep,,
trn00003,keep,,
trn00004,keep,,
trn00005,keep,,
trn00006,keep,,
trn00007,keep,,
trn00008,keep,,
trn00009,keep,,
trn00010,keep,,
trn00011,keep,,
trn00012,keep,,
trn00013,keep,,
trn00014,keep,,
trn00015,keep,,
trn00016,keep,,
trn00017,keep,,
trn00018,keep,,
trn00019,keep,,
trn00020,keep,,
trn00021,keep,,
trn00022,keep,,
trn00023,keep,,
trn00024,keep,,
trn00025,keep,,
trn00026,keep,,
trn00027,keep,,
trn00028,keep,,
trn00029,reject,,负样本含清晰动漫五官，存在人脸标签冲突
trn00030,keep,,
trn00031,keep,,
trn00032,keep,,
trn00033,keep,,
trn00034,keep,,
trn00035,keep,,
trn00036,keep,,
trn00037,keep,,
trn00038,keep,,
trn00039,keep,,
trn00040,keep,,
trn00041,keep,,
trn00042,keep,,
trn00043,keep,,
trn00044,keep,,
trn00045,keep,,
trn00046,keep,,
trn00047,keep,,
trn00048,keep,,
trn00049,keep,,
trn00050,keep,,
trn00051,keep,,
trn00052,keep,,
trn00053,keep,,
trn00054,keep,,
trn00055,keep,,
trn00056,keep,,
trn00057,keep,,
trn00058,keep,,
trn00059,keep,,
trn00060,keep,,
trn00061,keep,,
trn00062,keep,,
trn00063,keep,,
trn00064,keep,,
trn00065,keep,,
trn00066,keep,,
trn00067,keep,,
trn00068,keep,,
trn00069,keep,,
trn00070,keep,,
trn00071,keep,,
trn00072,keep,,
trn00073,keep,,
trn00074,keep,,
trn00075,keep,,
trn00076,keep,,
trn00077,keep,,
trn00078,keep,,
trn00079,keep,,
trn00080,keep,,
trn00081,keep,,
trn00082,keep,,
trn00083,keep,,
trn00084,keep,,
trn00085,keep,,
trn00086,keep,,
trn00087,keep,,
trn00088,keep,,
trn00089,keep,,
trn00090,keep,,
trn00091,keep,,
trn00092,keep,,
trn00093,keep,,
trn00094,keep,,
trn00095,keep,,
trn00096,keep,,
trn00097,keep,,
trn00098,keep,,
trn00099,keep,,
trn00100,keep,,
trn00101,keep,,
trn00102,keep,,
trn00103,keep,,
trn00104,keep,,
trn00105,keep,,
trn00106,keep,,
trn00107,keep,,
trn00108,keep,,
trn00109,keep,,
trn00110,keep,,
trn00111,keep,,
trn00112,keep,,
trn00113,keep,,
trn00114,keep,,
trn00115,keep,,
trn00116,keep,,
trn00117,keep,,
trn00118,keep,,
trn00119,keep,,
trn00120,keep,,
trn00121,keep,,
trn00122,keep,,
trn00123,keep,,
trn00124,keep,,
trn00125,keep,,
trn00126,keep,,
trn00127,keep,,
trn00128,keep,,
trn00129,keep,,
trn00130,keep,,
trn00131,keep,,
trn00132,keep,,
trn00133,keep,,
trn00134,keep,,
trn00135,keep,,
trn00136,keep,,
trn00137,keep,,
trn00138,keep,,
trn00139,keep,,
trn00140,keep,,
trn00141,keep,,
trn00142,keep,,
trn00143,keep,,
trn00144,keep,,
trn00145,keep,,
trn00146,keep,,
trn00147,keep,,
trn00148,keep,,
trn00149,keep,,
trn00150,keep,,
trn00151,keep,,
trn00152,keep,,
trn00153,keep,,
trn00154,keep,,
trn00155,keep,,
trn00156,keep,,
trn00157,keep,,
trn00158,keep,,
trn00159,keep,,
trn00160,keep,,
trn00161,keep,,
trn00162,keep,,
trn00163,keep,,
trn00164,keep,,
trn00165,keep,,
trn00166,keep,,
trn00167,keep,,
trn00168,keep,,
trn00169,keep,,
trn00170,keep,,
trn00171,keep,,
trn00172,keep,,
trn00173,keep,,
trn00174,keep,,
trn00175,keep,,
trn00176,keep,,
trn00177,keep,,
trn00178,keep,,
trn00179,keep,,
trn00180,keep,,
trn00181,keep,,
trn00182,keep,,
trn00183,keep,,
trn00184,keep,,
trn00185,keep,,
trn00186,keep,,
trn00187,keep,,
trn00188,keep,,
trn00189,keep,,
trn00190,keep,,
trn00191,keep,,
trn00192,keep,,
trn00193,keep,,
trn00194,keep,,
trn00195,keep,,
trn00196,keep,,
trn00197,keep,,
trn00198,keep,,
trn00199,keep,,
trn00200,keep,,
trn00201,keep,,
trn00202,keep,,
trn00203,keep,,
trn00204,keep,,
trn00205,keep,,
trn00206,keep,,
trn00207,keep,,
trn00208,keep,,
trn00209,keep,,
trn00210,keep,,
trn00211,keep,,
trn00212,keep,,
trn00213,keep,,
trn00214,keep,,
trn00215,keep,,
trn00216,keep,,
trn00217,keep,,
trn00218,keep,,
trn00219,keep,,
trn00220,keep,,
trn00221,keep,,
trn00222,keep,,
trn00223,keep,,
trn00224,keep,,
trn00225,keep,,
trn00226,keep,,
trn00227,keep,,
trn00228,keep,,
trn00229,keep,,
trn00230,keep,,
trn00231,keep,,
trn00232,keep,,
trn00233,keep,,
trn00234,keep,,
trn00235,keep,,
trn00236,keep,,
trn00237,keep,,
trn00238,keep,,
trn00239,keep,,
trn00240,keep,,
trn00241,keep,,
trn00242,keep,,
trn00243,keep,,
trn00244,keep,,
trn00245,reject,,负样本含人物面部区域，存在人脸标签冲突
trn00246,keep,,
trn00247,keep,,
trn00248,keep,,
trn00249,keep,,
trn00250,keep,,
trn00251,keep,,
trn00252,keep,,
trn00253,keep,,
trn00254,keep,,
trn00255,keep,,
trn00256,keep,,
trn00257,keep,,
trn00258,keep,,
trn00259,reject,,负样本疑似包含小尺寸人物脸部，存在标签冲突
trn00260,keep,,
trn00261,keep,,
trn00262,keep,,
trn00263,keep,,
trn00264,keep,,
trn00265,keep,,
trn00266,keep,,
trn00267,keep,,
trn00268,keep,,
trn00269,keep,,
trn00270,keep,,
trn00271,keep,,
trn00272,keep,,
trn00273,keep,,
trn00274,keep,,
trn00275,keep,,
trn00276,keep,,
trn00277,keep,,
trn00278,keep,,
trn00279,keep,,
trn00280,keep,,
trn00281,keep,,
trn00282,keep,,
trn00283,keep,,
trn00284,reject,,负样本包含正面脸部及主要五官，存在标签冲突
trn00285,keep,,
trn00286,keep,,
trn00287,keep,,
trn00288,keep,,
trn00289,keep,,
trn00290,keep,,
trn00291,keep,,
trn00292,keep,,
trn00293,keep,,
trn00294,keep,,
trn00295,keep,,
trn00296,keep,,
trn00297,keep,,
trn00298,keep,,
trn00299,keep,,
trn00300,keep,,
trn00301,keep,,
trn00302,keep,,
trn00303,keep,,
trn00304,keep,,
trn00305,keep,,
trn00306,keep,,
trn00307,keep,,
trn00308,keep,,
trn00309,keep,,
trn00310,keep,,
trn00311,keep,,
trn00312,keep,,
trn00313,keep,,
trn00314,keep,,
trn00315,keep,,
trn00316,keep,,
trn00317,keep,,
trn00318,keep,,
trn00319,keep,,
trn00320,keep,,
trn00321,keep,,
trn00322,keep,,
trn00323,keep,,
trn00324,keep,,
trn00325,keep,,
trn00326,keep,,
trn00327,keep,,
trn00328,keep,,
trn00329,keep,,
trn00330,keep,,
trn00331,keep,,
trn00332,keep,,
trn00333,keep,,
trn00334,keep,,
trn00335,keep,,
trn00336,keep,,
trn00337,keep,,
trn00338,keep,,
trn00339,keep,,
trn00340,keep,,
trn00341,keep,,
trn00342,keep,,
trn00343,keep,,
trn00344,keep,,
trn00345,keep,,
trn00346,keep,,
trn00347,keep,,
trn00348,keep,,
trn00349,keep,,
trn00350,keep,,
trn00351,keep,,
trn00352,keep,,
trn00353,keep,,
trn00354,keep,,
trn00355,keep,,
trn00356,keep,,
trn00357,keep,,
trn00358,keep,,
trn00359,keep,,
trn00360,keep,,
trn00361,keep,,
trn00362,keep,,
trn00363,keep,,
trn00364,keep,,
trn00365,keep,,
trn00366,keep,,
trn00367,keep,,
trn00368,keep,,
trn00369,keep,,
trn00370,keep,,
trn00371,keep,,
trn00372,keep,,
trn00373,keep,,
trn00374,keep,,
trn00375,keep,,
trn00376,keep,,
trn00377,keep,,
trn00378,keep,,
trn00379,keep,,
trn00380,keep,,
trn00381,keep,,
trn00382,keep,,
trn00383,keep,,
trn00384,keep,,
trn00385,keep,,
trn00386,keep,,
trn00387,keep,,
trn00388,keep,,
trn00389,keep,,
trn00390,keep,,
trn00391,keep,,
trn00392,keep,,
trn00393,keep,,
trn00394,keep,,
trn00395,keep,,
trn00396,keep,,
trn00397,keep,,
trn00398,keep,,
trn00399,keep,,
trn00400,keep,,
trn00401,keep,,
trn00402,keep,,
trn00403,keep,,
trn00404,keep,,
trn00405,keep,,
trn00406,keep,,
trn00407,keep,,
trn00408,keep,,
trn00409,keep,,
trn00410,keep,,
trn00411,keep,,
trn00412,keep,,
trn00413,keep,,
trn00414,keep,,
trn00415,keep,,
trn00416,keep,,
trn00417,keep,,
trn00418,keep,,
trn00419,keep,,
trn00420,keep,,
trn00421,keep,,
trn00422,keep,,
trn00423,keep,,
trn00424,keep,,
trn00425,keep,,
trn00426,keep,,
trn00427,keep,,
trn00428,keep,,
trn00429,keep,,
trn00430,keep,,
trn00431,keep,,
trn00432,keep,,
trn00433,reject,,负样本含可辨认人物面部，存在标签冲突
trn00434,keep,,
trn00435,keep,,
trn00436,keep,,
trn00437,keep,,
trn00438,keep,,
trn00439,keep,,
trn00440,keep,,
trn00441,keep,,
trn00442,keep,,
trn00443,keep,,
trn00444,keep,,
trn00445,keep,,
trn00446,keep,,
trn00447,keep,,
trn00448,keep,,
trn00449,keep,,
trn00450,keep,,
trn00451,keep,,
trn00452,keep,,
trn00453,keep,,
trn00454,keep,,
trn00455,keep,,
trn00456,keep,,
trn00457,keep,,
trn00458,keep,,
trn00459,keep,,
trn00460,keep,,
trn00461,keep,,
trn00462,keep,,
trn00463,keep,,
trn00464,keep,,
trn00465,keep,,
trn00466,keep,,
trn00467,keep,,
trn00468,keep,,
trn00469,keep,,
trn00470,keep,,
trn00471,keep,,
trn00472,keep,,
trn00473,reject,,负样本包含疑似人物侧脸，存在标签冲突
trn00474,keep,,
trn00475,keep,,
trn00476,keep,,
trn00477,keep,,
trn00478,keep,,
trn00479,keep,,
trn00480,keep,,
trn00481,keep,,
trn00482,keep,,
trn00483,keep,,
trn00484,keep,,
trn00485,keep,,
trn00486,keep,,
trn00487,keep,,
trn00488,keep,,
trn00489,keep,,
trn00490,keep,,
trn00491,keep,,
trn00492,keep,,
trn00493,keep,,
trn00494,keep,,
trn00495,keep,,
trn00496,keep,,
trn00497,keep,,
trn00498,keep,,
trn00499,keep,,
trn00500,keep,,
trn00501,keep,,
trn00502,keep,,
trn00503,keep,,
trn00504,keep,,
trn00505,keep,,
trn00506,keep,,
trn00507,keep,,
trn00508,keep,,
trn00509,keep,,
trn00510,keep,,
trn00511,keep,,
trn00512,keep,,
trn00513,keep,,
trn00514,keep,,
trn00515,keep,,
trn00516,keep,,
trn00517,keep,,
trn00518,keep,,
trn00519,keep,,
trn00520,keep,,
trn00521,keep,,
trn00522,keep,,
trn00523,keep,,
trn00524,keep,,
trn00525,keep,,
trn00526,keep,,
trn00527,keep,,
trn00528,keep,,
trn00529,keep,,
trn00530,keep,,
trn00531,keep,,
trn00532,keep,,
trn00533,keep,,
trn00534,keep,,
trn00535,keep,,
trn00536,keep,,
trn00537,keep,,
trn00538,keep,,
trn00539,keep,,
trn00540,keep,,
trn00541,keep,,
trn00542,keep,,
trn00543,keep,,
trn00544,keep,,
trn00545,keep,,
trn00546,keep,,
trn00547,keep,,
trn00548,keep,,
trn00549,keep,,
trn00550,keep,,
trn00551,keep,,
trn00552,keep,,
trn00553,keep,,
trn00554,keep,,
trn00555,keep,,
trn00556,keep,,
trn00557,keep,,
trn00558,keep,,
trn00559,keep,,
trn00560,keep,,
trn00561,keep,,
trn00562,keep,,
trn00563,keep,,
trn00564,keep,,
trn00565,keep,,
trn00566,keep,,
trn00567,keep,,
trn00568,keep,,
trn00569,keep,,
trn00570,keep,,
trn00571,keep,,
trn00572,keep,,
trn00573,keep,,
trn00574,keep,,
trn00575,keep,,
trn00576,keep,,
trn00577,keep,,
trn00578,keep,,
trn00579,keep,,
trn00580,keep,,
trn00581,keep,,
trn00582,keep,,
trn00583,keep,,
trn00584,keep,,
trn00585,keep,,
trn00586,keep,,
trn00587,keep,,
trn00588,keep,,
trn00589,keep,,
trn00590,keep,,
trn00591,keep,,
trn00592,keep,,
trn00593,keep,,
trn00594,keep,,
trn00595,keep,,
trn00596,keep,,
trn00597,keep,,
trn00598,keep,,
trn00599,keep,,
trn00600,keep,,
trn00601,keep,,
trn00602,keep,,
trn00603,keep,,
trn00604,keep,,
trn00605,keep,,
trn00606,keep,,
trn00607,keep,,
trn00608,keep,,
trn00609,keep,,
trn00610,keep,,
trn00611,keep,,
trn00612,keep,,
trn00613,keep,,
trn00614,keep,,
trn00615,keep,,
trn00616,keep,,
trn00617,keep,,
trn00618,keep,,
trn00619,keep,,
trn00620,keep,,
trn00621,keep,,
trn00622,keep,,
trn00623,keep,,
trn00624,keep,,
trn00625,keep,,
trn00626,keep,,
trn00627,keep,,
trn00628,keep,,
trn00629,keep,,
trn00630,keep,,
trn00631,keep,,
trn00632,keep,,
trn00633,keep,,
trn00634,keep,,
trn00635,keep,,
trn00636,keep,,
trn00637,keep,,
trn00638,keep,,
trn00639,keep,,
trn00640,keep,,
trn00641,keep,,
trn00642,keep,,
trn00643,keep,,
trn00644,keep,,
trn00645,keep,,
trn00646,keep,,
trn00647,keep,,
trn00648,keep,,
trn00649,keep,,
trn00650,keep,,
trn00651,keep,,
trn00652,keep,,
trn00653,keep,,
trn00654,keep,,
trn00655,keep,,
trn00656,keep,,
trn00657,keep,,
trn00658,keep,,
trn00659,keep,,
trn00660,keep,,
trn00661,keep,,
trn00662,keep,,
trn00663,keep,,
trn00664,keep,,
trn00665,keep,,
trn00666,keep,,
trn00667,keep,,
trn00668,keep,,
trn00669,keep,,
trn00670,keep,,
trn00671,keep,,
trn00672,keep,,
trn00673,keep,,
trn00674,reject,,负样本含人物面部局部及五官，存在标签冲突
trn00675,keep,,
trn00676,keep,,
trn00677,keep,,
trn00678,keep,,
trn00679,keep,,
trn00680,keep,,
trn00681,keep,,
trn00682,keep,,
trn00683,keep,,
trn00684,keep,,
trn00685,keep,,
trn00686,keep,,
trn00687,keep,,
trn00688,keep,,
trn00689,keep,,
trn00690,keep,,
trn00691,keep,,
trn00692,keep,,
trn00693,keep,,
trn00694,keep,,
trn00695,keep,,
trn00696,keep,,
trn00697,keep,,
trn00698,keep,,
trn00699,keep,,
trn00700,keep,,
trn00701,keep,,
trn00702,keep,,
trn00703,keep,,
trn00704,keep,,
trn00705,keep,,
trn00706,keep,,
trn00707,keep,,
trn00708,keep,,
trn00709,keep,,
trn00710,keep,,
trn00711,keep,,
trn00712,keep,,
trn00713,keep,,
trn00714,keep,,
trn00715,keep,,
trn00716,keep,,
trn00717,keep,,
trn00718,keep,,
trn00719,keep,,
trn00720,keep,,
trn00721,keep,,
trn00722,keep,,
trn00723,keep,,
trn00724,keep,,
trn00725,keep,,
trn00726,keep,,
trn00727,keep,,
trn00728,keep,,
trn00729,keep,,
trn00730,keep,,
trn00731,keep,,
trn00732,keep,,
trn00733,keep,,
trn00734,reject,,负样本包含疑似人物头部及面部，存在标签冲突
trn00735,keep,,
trn00736,keep,,
trn00737,keep,,
trn00738,keep,,
trn00739,keep,,
trn00740,keep,,
trn00741,keep,,
trn00742,keep,,
trn00743,keep,,
trn00744,keep,,
trn00745,keep,,
trn00746,keep,,
trn00747,keep,,
trn00748,keep,,
trn00749,keep,,
trn00750,keep,,
trn00751,keep,,
trn00752,keep,,
trn00753,keep,,
trn00754,reject,,负样本中混入可辨认面部，存在标签冲突
trn00755,keep,,
trn00756,keep,,
trn00757,keep,,
trn00758,keep,,
trn00759,keep,,
trn00760,keep,,
trn00761,keep,,
trn00762,keep,,
trn00763,keep,,
trn00764,keep,,
trn00765,keep,,
trn00766,keep,,
trn00767,keep,,
trn00768,keep,,
trn00769,keep,,
trn00770,keep,,
trn00771,keep,,
trn00772,keep,,
trn00773,keep,,
trn00774,keep,,
trn00775,keep,,
trn00776,keep,,
trn00777,keep,,
trn00778,keep,,
trn00779,keep,,
trn00780,keep,,
trn00781,keep,,
trn00782,keep,,
trn00783,keep,,
trn00784,keep,,
trn00785,keep,,
trn00786,keep,,
trn00787,keep,,
trn00788,keep,,
trn00789,keep,,
trn00790,keep,,
trn00791,keep,,
trn00792,keep,,
trn00793,keep,,
trn00794,keep,,
trn00795,keep,,
trn00796,keep,,
trn00797,keep,,
trn00798,keep,,
trn00799,keep,,
trn00800,keep,,
trn00801,keep,,
trn00802,keep,,
trn00803,keep,,
trn00804,keep,,
trn00805,keep,,
trn00806,keep,,
trn00807,keep,,
trn00808,keep,,
trn00809,keep,,
trn00810,keep,,
trn00811,keep,,
trn00812,keep,,
trn00813,keep,,
trn00814,keep,,
trn00815,keep,,
trn00816,keep,,
trn00817,keep,,
trn00818,keep,,
trn00819,keep,,
trn00820,keep,,
trn00821,keep,,
trn00822,keep,,
trn00823,keep,,
trn00824,keep,,
trn00825,keep,,
trn00826,keep,,
trn00827,keep,,
trn00828,keep,,
trn00829,keep,,
trn00830,keep,,
trn00831,keep,,
trn00832,keep,,
trn00833,keep,,
trn00834,keep,,
trn00835,keep,,
trn00836,keep,,
trn00837,keep,,
trn00838,keep,,
trn00839,keep,,
trn00840,keep,,
trn00841,keep,,
trn00842,keep,,
trn00843,keep,,
trn00844,keep,,
trn00845,keep,,
trn00846,keep,,
trn00847,keep,,
trn00848,keep,,
trn00849,keep,,
trn00850,keep,,
trn00851,keep,,
trn00852,keep,,
trn00853,keep,,
trn00854,keep,,
trn00855,keep,,
trn00856,keep,,
trn00857,keep,,
trn00858,keep,,
trn00859,keep,,
trn00860,keep,,
trn00861,keep,,
trn00862,keep,,
trn00863,keep,,
trn00864,keep,,
trn00865,keep,,
trn00866,keep,,
trn00867,keep,,
trn00868,keep,,
trn00869,keep,,
trn00870,keep,,
trn00871,keep,,
trn00872,keep,,
trn00873,keep,,
trn00874,keep,,
trn00875,keep,,
trn00876,keep,,
trn00877,keep,,
trn00878,keep,,
trn00879,keep,,
trn00880,keep,,
trn00881,keep,,
trn00882,keep,,
trn00883,keep,,
trn00884,keep,,
trn00885,keep,,
trn00886,keep,,
trn00887,keep,,
trn00888,keep,,
trn00889,keep,,
trn00890,keep,,
trn00891,keep,,
trn00892,keep,,
trn00893,keep,,
trn00894,keep,,
trn00895,keep,,
trn00896,keep,,
trn00897,keep,,
trn00898,keep,,
trn00899,keep,,
trn00900,keep,,
trn00901,keep,,
trn00902,keep,,
trn00903,keep,,
trn00904,keep,,
trn00905,keep,,
trn00906,reject,,负样本疑似包含人物五官及侧脸，存在标签冲突
trn00907,keep,,
trn00908,keep,,
trn00909,keep,,
trn00910,keep,,
trn00911,keep,,
trn00912,keep,,
trn00913,keep,,
trn00914,keep,,
trn00915,keep,,
trn00916,keep,,
trn00917,keep,,
trn00918,keep,,
trn00919,keep,,
trn00920,keep,,
trn00921,keep,,
trn00922,keep,,
trn00923,keep,,
trn00924,keep,,
trn00925,keep,,
trn00926,keep,,
trn00927,keep,,
trn00928,keep,,
trn00929,keep,,
trn00930,keep,,
trn00931,keep,,
trn00932,keep,,
trn00933,keep,,
trn00934,keep,,
trn00935,keep,,
trn00936,keep,,
trn00937,keep,,
trn00938,keep,,
trn00939,keep,,
trn00940,keep,,
trn00941,keep,,
trn00942,keep,,
trn00943,keep,,
trn00944,keep,,
trn00945,keep,,
trn00946,keep,,
trn00947,keep,,
trn00948,keep,,
trn00949,keep,,
trn00950,keep,,
trn00951,keep,,
trn00952,keep,,
trn00953,keep,,
trn00954,keep,,
trn00955,keep,,
trn00956,keep,,
trn00957,keep,,
trn00958,keep,,
trn00959,keep,,
trn00960,keep,,
trn00961,keep,,
trn00962,keep,,
trn00963,keep,,
trn00964,keep,,
trn00965,keep,,
trn00966,keep,,
trn00967,keep,,
trn00968,keep,,
trn00969,keep,,
trn00970,keep,,
trn00971,keep,,
trn00972,keep,,
trn00973,keep,,
trn00974,keep,,
trn00975,keep,,
trn00976,keep,,
trn00977,keep,,
trn00978,keep,,
trn00979,keep,,
trn00980,keep,,
trn00981,keep,,
trn00982,keep,,
trn00983,keep,,
trn00984,keep,,
trn00985,keep,,
trn00986,keep,,
trn00987,keep,,
trn00988,keep,,
trn00989,keep,,
trn00990,keep,,
trn00991,keep,,
trn00992,keep,,
trn00993,keep,,
trn00994,keep,,
trn00995,keep,,
trn00996,keep,,
trn00997,keep,,
trn00998,keep,,
trn00999,keep,,
trn01000,keep,,
trn01001,keep,,
trn01002,keep,,
trn01003,keep,,
trn01004,keep,,
trn01005,keep,,
trn01006,keep,,
trn01007,keep,,
trn01008,keep,,
trn01009,keep,,
trn01010,keep,,
trn01011,keep,,
trn01012,keep,,
trn01013,keep,,
trn01014,keep,,
trn01015,keep,,
trn01016,keep,,
trn01017,keep,,
trn01018,keep,,
trn01019,keep,,
trn01020,keep,,
trn01021,keep,,
trn01022,keep,,
trn01023,keep,,
trn01024,keep,,
trn01025,keep,,
trn01026,keep,,
trn01027,keep,,
trn01028,keep,,
trn01029,keep,,
trn01030,keep,,
trn01031,keep,,
trn01032,keep,,
trn01033,keep,,
trn01034,keep,,
trn01035,keep,,
trn01036,keep,,
trn01037,keep,,
trn01038,keep,,
trn01039,keep,,
trn01040,keep,,
trn01041,keep,,
trn01042,keep,,
trn01043,keep,,
trn01044,keep,,
trn01045,keep,,
trn01046,keep,,
trn01047,keep,,
trn01048,keep,,
trn01049,keep,,
trn01050,keep,,
trn01051,keep,,
trn01052,keep,,
trn01053,keep,,
trn01054,keep,,
trn01055,keep,,
trn01056,keep,,
trn01057,keep,,
trn01058,keep,,
trn01059,keep,,
trn01060,keep,,
trn01061,keep,,
trn01062,keep,,
trn01063,keep,,
trn01064,keep,,
trn01065,keep,,
trn01066,keep,,
trn01067,keep,,
trn01068,keep,,
trn01069,keep,,
trn01070,keep,,
trn01071,reject,,负样本中出现人物侧脸区域，存在标签冲突
trn01072,keep,,
trn01073,keep,,
trn01074,keep,,
trn01075,keep,,
trn01076,keep,,
trn01077,keep,,
trn01078,keep,,
trn01079,keep,,
trn01080,keep,,
trn01081,keep,,
trn01082,keep,,
trn01083,keep,,
trn01084,keep,,
trn01085,keep,,
trn01086,keep,,
trn01087,keep,,
trn01088,keep,,
trn01089,keep,,
trn01090,keep,,
trn01091,keep,,
trn01092,keep,,
trn01093,keep,,
trn01094,keep,,
trn01095,keep,,
trn01096,keep,,
trn01097,keep,,
trn01098,keep,,
trn01099,keep,,
trn01100,keep,,
trn01101,keep,,
trn01102,keep,,
trn01103,keep,,
trn01104,keep,,
trn01105,keep,,
trn01106,keep,,
trn01107,keep,,
trn01108,keep,,
trn01109,keep,,
trn01110,keep,,
trn01111,keep,,
trn01112,keep,,
trn01113,keep,,
trn01114,keep,,
trn01115,keep,,
trn01116,keep,,
trn01117,keep,,
trn01118,keep,,
trn01119,keep,,
trn01120,keep,,
trn01121,keep,,
trn01122,keep,,
trn01123,keep,,
trn01124,keep,,
trn01125,reject,,负样本包含人物头部及疑似面部，存在标签冲突
trn01126,keep,,
trn01127,keep,,
trn01128,keep,,
trn01129,keep,,
trn01130,keep,,
trn01131,keep,,
trn01132,keep,,
trn01133,keep,,
trn01134,keep,,
trn01135,keep,,
trn01136,keep,,
trn01137,keep,,
trn01138,keep,,
trn01139,keep,,
trn01140,keep,,
trn01141,keep,,
trn01142,keep,,
trn01143,keep,,
trn01144,keep,,
trn01145,keep,,
trn01146,keep,,
trn01147,keep,,
trn01148,keep,,
trn01149,keep,,
trn01150,keep,,
trn01151,keep,,
trn01152,keep,,
trn01153,keep,,
trn01154,keep,,
trn01155,reject,,负样本含可辨认的动漫人脸，存在标签冲突
trn01156,keep,,
trn01157,keep,,
trn01158,keep,,
trn01159,keep,,
trn01160,keep,,
trn01161,keep,,
trn01162,keep,,
trn01163,keep,,
trn01164,keep,,
trn01165,keep,,
trn01166,keep,,
trn01167,keep,,
trn01168,keep,,
trn01169,keep,,
trn01170,keep,,
trn01171,keep,,
trn01172,keep,,
trn01173,keep,,
trn01174,keep,,
trn01175,keep,,
trn01176,keep,,
trn01177,keep,,
trn01178,keep,,
trn01179,keep,,
trn01180,keep,,
trn01181,keep,,
trn01182,keep,,
trn01183,keep,,
trn01184,keep,,
trn01185,keep,,
trn01186,keep,,
trn01187,keep,,
trn01188,keep,,
trn01189,keep,,
trn01190,keep,,
trn01191,keep,,
trn01192,keep,,
trn01193,keep,,
trn01194,keep,,
trn01195,keep,,
trn01196,keep,,
trn01197,keep,,
trn01198,keep,,
trn01199,keep,,
trn01200,keep,,
trn01201,keep,,
trn01202,keep,,
trn01203,keep,,
trn01204,keep,,
trn01205,keep,,
trn01206,keep,,
trn01207,keep,,
trn01208,keep,,
trn01209,keep,,
trn01210,keep,,
trn01211,keep,,
trn01212,keep,,
trn01213,keep,,
trn01214,keep,,
trn01215,keep,,
trn01216,keep,,
trn01217,keep,,
trn01218,keep,,
trn01219,keep,,
trn01220,keep,,
trn01221,reject,,负样本包含疑似局部人脸，存在标签冲突
trn01222,keep,,
trn01223,keep,,
trn01224,keep,,
trn01225,keep,,
trn01226,keep,,
trn01227,keep,,
trn01228,keep,,
trn01229,keep,,
trn01230,keep,,
trn01231,keep,,
trn01232,keep,,
trn01233,keep,,
trn01234,keep,,
trn01235,keep,,
trn01236,keep,,
trn01237,keep,,
trn01238,keep,,
trn01239,keep,,
trn01240,keep,,
trn01241,keep,,
trn01242,keep,,
trn01243,keep,,
trn01244,keep,,
trn01245,keep,,
trn01246,keep,,
trn01247,keep,,
trn01248,keep,,
trn01249,keep,,
trn01250,keep,,
trn01251,keep,,
trn01252,keep,,
trn01253,keep,,
trn01254,keep,,
trn01255,keep,,
trn01256,keep,,
trn01257,keep,,
trn01258,keep,,
trn01259,keep,,
trn01260,keep,,
trn01261,keep,,
trn01262,keep,,
trn01263,keep,,
trn01264,keep,,
trn01265,keep,,
trn01266,keep,,
trn01267,keep,,
trn01268,keep,,
trn01269,keep,,
trn01270,keep,,
trn01271,keep,,
trn01272,keep,,
trn01273,keep,,
trn01274,keep,,
trn01275,keep,,
trn01276,keep,,
trn01277,keep,,
trn01278,keep,,
trn01279,keep,,
trn01280,keep,,
trn01281,keep,,
trn01282,keep,,
trn01283,keep,,
trn01284,keep,,
trn01285,keep,,
trn01286,keep,,
trn01287,keep,,
trn01288,keep,,
trn01289,keep,,
trn01290,keep,,
trn01291,keep,,
trn01292,keep,,
trn01293,keep,,
trn01294,keep,,
trn01295,keep,,
trn01296,keep,,
trn01297,keep,,
trn01298,keep,,
trn01299,keep,,
trn01300,keep,,
trn01301,keep,,
trn01302,keep,,
trn01303,keep,,
trn01304,keep,,
trn01305,keep,,
trn01306,keep,,
trn01307,keep,,
trn01308,keep,,
trn01309,keep,,
trn01310,keep,,
trn01311,keep,,
trn01312,keep,,
trn01313,keep,,
trn01314,keep,,
trn01315,keep,,
trn01316,keep,,
trn01317,keep,,
trn01318,keep,,
trn01319,keep,,
trn01320,reject,,负样本包含疑似人物面部区域，存在标签冲突
trn01321,keep,,
trn01322,keep,,
trn01323,keep,,
trn01324,keep,,
trn01325,keep,,
trn01326,keep,,
trn01327,keep,,
trn01328,reject,,负样本含人物面部轮廓及五官，存在标签冲突
trn01329,keep,,
trn01330,keep,,
trn01331,keep,,
trn01332,keep,,
trn01333,keep,,
trn01334,keep,,
trn01335,keep,,
trn01336,keep,,
trn01337,keep,,
trn01338,keep,,
trn01339,keep,,
trn01340,keep,,
trn01341,keep,,
trn01342,keep,,
trn01343,keep,,
trn01344,keep,,
trn01345,keep,,
trn01346,keep,,
trn01347,keep,,
trn01348,keep,,
trn01349,keep,,
trn01350,keep,,
trn01351,keep,,
trn01352,keep,,
trn01353,keep,,
trn01354,keep,,
trn01355,keep,,
trn01356,keep,,
trn01357,keep,,
trn01358,keep,,
trn01359,keep,,
trn01360,keep,,
trn01361,keep,,
trn01362,keep,,
trn01363,keep,,
trn01364,keep,,
trn01365,keep,,
trn01366,keep,,
trn01367,reject,,负样本混入可辨认的人脸局部，存在标签冲突
trn01368,keep,,
trn01369,keep,,
trn01370,keep,,
trn01371,keep,,
trn01372,keep,,
trn01373,keep,,
trn01374,keep,,
trn01375,keep,,
trn01376,keep,,
trn01377,keep,,
trn01378,keep,,
trn01379,keep,,
trn01380,keep,,
trn01381,keep,,
trn01382,keep,,
trn01383,keep,,
trn01384,keep,,
trn01385,keep,,
trn01386,keep,,
trn01387,keep,,
trn01388,keep,,
trn01389,keep,,
trn01390,keep,,
trn01391,keep,,
trn01392,keep,,
trn01393,keep,,
trn01394,keep,,
trn01395,keep,,
trn01396,keep,,
trn01397,keep,,
trn01398,keep,,
trn01399,keep,,
trn01400,keep,,
trn01401,keep,,
trn01402,keep,,
trn01403,keep,,
trn01404,keep,,
trn01405,keep,,
trn01406,keep,,
trn01407,keep,,
trn01408,keep,,
trn01409,keep,,
trn01410,keep,,
trn01411,keep,,
trn01412,keep,,
trn01413,keep,,
trn01414,keep,,
trn01415,keep,,
trn01416,keep,,
trn01417,keep,,
trn01418,keep,,
trn01419,keep,,
trn01420,keep,,
trn01421,keep,,
trn01422,keep,,
trn01423,keep,,
trn01424,keep,,
trn01425,keep,,
trn01426,keep,,
trn01427,keep,,
trn01428,keep,,
trn01429,keep,,
trn01430,keep,,
trn01431,keep,,
trn01432,keep,,
trn01433,keep,,
trn01434,keep,,
trn01435,keep,,
trn01436,keep,,
trn01437,keep,,
trn01438,keep,,
trn01439,keep,,
trn01440,keep,,
trn01441,keep,,
trn01442,keep,,
trn01443,keep,,
trn01444,keep,,
trn01445,keep,,
trn01446,keep,,
trn01447,keep,,
trn01448,keep,,
trn01449,keep,,
trn01450,keep,,
trn01451,keep,,
trn01452,keep,,
trn01453,keep,,
trn01454,keep,,
trn01455,keep,,
trn01456,keep,,
trn01457,keep,,
trn01458,keep,,
trn01459,keep,,
trn01460,keep,,
trn01461,keep,,
trn01462,keep,,
trn01463,keep,,
trn01464,keep,,
trn01465,keep,,
trn01466,keep,,
trn01467,keep,,
trn01468,keep,,
trn01469,keep,,
trn01470,keep,,
trn01471,keep,,
trn01472,keep,,
trn01473,keep,,
trn01474,keep,,
trn01475,keep,,
trn01476,keep,,
trn01477,keep,,
trn01478,keep,,
trn01479,keep,,
trn01480,keep,,
trn01481,keep,,
trn01482,keep,,
trn01483,keep,,
trn01484,keep,,
trn01485,keep,,
trn01486,keep,,
trn01487,keep,,
trn01488,keep,,
trn01489,keep,,
trn01490,keep,,
trn01491,keep,,
trn01492,keep,,
trn01493,keep,,
trn01494,keep,,
trn01495,keep,,
trn01496,keep,,
trn01497,keep,,
trn01498,keep,,
trn01499,keep,,
trn01500,keep,,
trn01501,keep,,
trn01502,keep,,
trn01503,keep,,
trn01504,keep,,
trn01505,keep,,
trn01506,keep,,
trn01507,keep,,
trn01508,keep,,
trn01509,keep,,
trn01510,keep,,
trn01511,reject,,负样本混入人物面部及五官，存在标签冲突
trn01512,keep,,
trn01513,keep,,
trn01514,keep,,
trn01515,keep,,
trn01516,keep,,
trn01517,keep,,
trn01518,keep,,
trn01519,keep,,
trn01520,keep,,
trn01521,keep,,
trn01522,keep,,
trn01523,keep,,
trn01524,keep,,
trn01525,keep,,
trn01526,keep,,
trn01527,keep,,
trn01528,keep,,
trn01529,keep,,
trn01530,keep,,
trn01531,keep,,
trn01532,keep,,
trn01533,keep,,
trn01534,reject,,负样本包含正面人脸及清晰五官，存在标签冲突
trn01535,keep,,
trn01536,keep,,
trn01537,keep,,
trn01538,keep,,
trn01539,keep,,
trn01540,keep,,
trn01541,keep,,
trn01542,keep,,
trn01543,keep,,
trn01544,keep,,
trn01545,keep,,
trn01546,keep,,
trn01547,keep,,
trn01548,keep,,
trn01549,keep,,
trn01550,keep,,
trn01551,keep,,
trn01552,keep,,
trn01553,keep,,
trn01554,keep,,
trn01555,keep,,
trn01556,keep,,
trn01557,keep,,
trn01558,keep,,
trn01559,keep,,
trn01560,keep,,
trn01561,keep,,
trn01562,keep,,
trn01563,keep,,
trn01564,keep,,
trn01565,keep,,
trn01566,keep,,
trn01567,keep,,
trn01568,keep,,
trn01569,keep,,
trn01570,keep,,
trn01571,keep,,
trn01572,keep,,
trn01573,keep,,
trn01574,keep,,
trn01575,keep,,
trn01576,keep,,
trn01577,keep,,
trn01578,keep,,
trn01579,keep,,
trn01580,keep,,
trn01581,keep,,
trn01582,keep,,
trn01583,keep,,
trn01584,keep,,
trn01585,keep,,
trn01586,keep,,
trn01587,keep,,
trn01588,keep,,
trn01589,keep,,
trn01590,keep,,
trn01591,keep,,
trn01592,keep,,
trn01593,keep,,
trn01594,reject,,负样本疑似包含侧脸或人脸局部，存在标签冲突
trn01595,keep,,
trn01596,keep,,
trn01597,keep,,
trn01598,keep,,
trn01599,reject,,负样本含人物面部，存在标签冲突
trn01600,keep,,
trn01601,keep,,
trn01602,keep,,
trn01603,keep,,
trn01604,keep,,
trn01605,keep,,
trn01606,keep,,
trn01607,keep,,
trn01608,keep,,
trn01609,keep,,
trn01610,keep,,
trn01611,keep,,
trn01612,keep,,
trn01613,keep,,
trn01614,keep,,
trn01615,keep,,
trn01616,keep,,
trn01617,keep,,
trn01618,keep,,
trn01619,keep,,
trn01620,keep,,
trn01621,keep,,
trn01622,keep,,
trn01623,keep,,
trn01624,keep,,
trn01625,keep,,
trn01626,keep,,
trn01627,keep,,
trn01628,keep,,
trn01629,keep,,
trn01630,keep,,
trn01631,keep,,
trn01632,keep,,
trn01633,keep,,
trn01634,keep,,
trn01635,keep,,
trn01636,keep,,
trn01637,keep,,
trn01638,keep,,
trn01639,keep,,
trn01640,keep,,
trn01641,keep,,
trn01642,keep,,
trn01643,keep,,
trn01644,keep,,
trn01645,keep,,
trn01646,keep,,
trn01647,keep,,
trn01648,keep,,
trn01649,keep,,
trn01650,keep,,
trn01651,keep,,
trn01652,keep,,
trn01653,keep,,
trn01654,keep,,
trn01655,keep,,
trn01656,keep,,
trn01657,keep,,
trn01658,keep,,
trn01659,keep,,
trn01660,keep,,
trn01661,keep,,
trn01662,keep,,
trn01663,keep,,
trn01664,keep,,
trn01665,keep,,
trn01666,keep,,
trn01667,keep,,
trn01668,keep,,
trn01669,reject,,负样本包含疑似小尺寸人物人脸，存在标签冲突
trn01670,keep,,
trn01671,keep,,
trn01672,keep,,
trn01673,keep,,
trn01674,keep,,
trn01675,keep,,
trn01676,keep,,
trn01677,keep,,
trn01678,keep,,
trn01679,keep,,
trn01680,keep,,
trn01681,keep,,
trn01682,keep,,
trn01683,keep,,
trn01684,keep,,
trn01685,keep,,
trn01686,keep,,
trn01687,keep,,
trn01688,keep,,
trn01689,keep,,
trn01690,keep,,
trn01691,keep,,
trn01692,keep,,
trn01693,keep,,
trn01694,keep,,
trn01695,keep,,
trn01696,keep,,
trn01697,keep,,
trn01698,keep,,
trn01699,keep,,
trn01700,keep,,
trn01701,keep,,
trn01702,keep,,
trn01703,keep,,
trn01704,keep,,
trn01705,keep,,
trn01706,keep,,
trn01707,keep,,
trn01708,keep,,
trn01709,keep,,
trn01710,keep,,
trn01711,keep,,
trn01712,keep,,
trn01713,keep,,
trn01714,keep,,
trn01715,keep,,
trn01716,keep,,
trn01717,keep,,
trn01718,keep,,
trn01719,reject,,负样本包含人物面部及五官，存在标签冲突
trn01720,keep,,
trn01721,keep,,
trn01722,keep,,
trn01723,keep,,
trn01724,keep,,
trn01725,keep,,
trn01726,keep,,
trn01727,keep,,
trn01728,keep,,
trn01729,keep,,
trn01730,keep,,
trn01731,keep,,
trn01732,keep,,
trn01733,keep,,
trn01734,keep,,
trn01735,keep,,
trn01736,keep,,
trn01737,keep,,
trn01738,keep,,
trn01739,keep,,
trn01740,keep,,
trn01741,keep,,
trn01742,keep,,
trn01743,keep,,
trn01744,keep,,
trn01745,keep,,
trn01746,keep,,
trn01747,keep,,
trn01748,keep,,
trn01749,keep,,
trn01750,keep,,
trn01751,keep,,
trn01752,keep,,
trn01753,keep,,
trn01754,keep,,
trn01755,keep,,
trn01756,keep,,
trn01757,keep,,
trn01758,keep,,
trn01759,keep,,
trn01760,keep,,
trn01761,keep,,
trn01762,keep,,
trn01763,keep,,
trn01764,keep,,
trn01765,keep,,
trn01766,keep,,
trn01767,keep,,
trn01768,keep,,
trn01769,keep,,
trn01770,keep,,
trn01771,keep,,
trn01772,keep,,
trn01773,keep,,
trn01774,keep,,
trn01775,keep,,
trn01776,keep,,
trn01777,keep,,
trn01778,keep,,
trn01779,keep,,
trn01780,keep,,
trn01781,keep,,
trn01782,keep,,
trn01783,keep,,
trn01784,keep,,
trn01785,keep,,
trn01786,keep,,
trn01787,keep,,
trn01788,keep,,
trn01789,keep,,
trn01790,keep,,
trn01791,keep,,
trn01792,keep,,
trn01793,keep,,
trn01794,keep,,
trn01795,keep,,
trn01796,keep,,
trn01797,keep,,
trn01798,keep,,
trn01799,keep,,
vap00000,keep,,
vap00001,keep,,
vap00002,keep,,
vap00003,keep,,
vap00004,keep,,
vap00005,keep,,
vap00006,keep,,
vap00007,keep,,
vap00008,keep,,
vap00009,keep,,
vap00010,keep,,
vap00011,keep,,
vap00012,reject,,侧脸部分截断，脸部轮廓及五官不完整
vap00013,keep,,
vap00014,keep,,
vap00015,keep,,
vap00016,keep,,
vap00017,reject,,脸部被边框截断，主要五官不完整
vap00018,keep,,
vap00019,keep,,
vap00020,reject,,面部被大面积遮挡或截断，完整五官缺失
vap00021,keep,,
vap00022,keep,,
vap00023,keep,,
vap00024,keep,,
vap00025,keep,,
vap00026,keep,,
vap00027,keep,,
vap00028,keep,,
vap00029,keep,,
vap00030,keep,,
vap00031,keep,,
vap00032,keep,,
vap00033,keep,,
vap00034,keep,,
vap00035,keep,,
vap00036,keep,,
vap00037,keep,,
vap00038,keep,,
vap00039,keep,,
vap00040,keep,,
vap00041,keep,,
vap00042,keep,,
vap00043,keep,,
vap00044,keep,,
vap00045,keep,,
vap00046,keep,,
vap00047,keep,,
vap00048,keep,,
vap00049,keep,,
vap00050,keep,,
vap00051,keep,,
vap00052,keep,,
vap00053,keep,,
vap00054,keep,,
vap00055,keep,,
vap00056,keep,,
vap00057,keep,,
vap00058,keep,,
vap00059,keep,,
vap00060,reject,,错误框，仅有局部轮廓，未截取完整脸部
vap00061,keep,,
vap00062,keep,,
vap00063,keep,,
vap00064,keep,,
vap00065,keep,,
vap00066,keep,,
vap00067,keep,,
vap00068,keep,,
vap00069,keep,,
vap00070,keep,,
vap00071,keep,,
vap00072,keep,,
vap00073,reject,,面部仅余模糊局部，无法辨认完整人脸
vap00074,keep,,
vap00075,keep,,
vap00076,keep,,
vap00077,keep,,
vap00078,keep,,
vap00079,keep,,
vap00080,keep,,
vap00081,keep,,
vap00082,keep,,
vap00083,keep,,
vap00084,keep,,
vap00085,keep,,
vap00086,keep,,
vap00087,keep,,
vap00088,keep,,
vap00089,keep,,
vap00090,keep,,
vap00091,keep,,
vap00092,keep,,
vap00093,keep,,
vap00094,keep,,
vap00095,keep,,
vap00096,keep,,
vap00097,keep,,
vap00098,keep,,
vap00099,keep,,
vap00100,keep,,
vap00101,keep,,
vap00102,keep,,
vap00103,keep,,
vap00104,keep,,
vap00105,keep,,
vap00106,keep,,
vap00107,keep,,
vap00108,keep,,
vap00109,reject,,错误框，主体为背景及画面线条
vap00110,keep,,
vap00111,keep,,
vap00112,keep,,
vap00113,keep,,
vap00114,keep,,
vap00115,keep,,
vap00116,keep,,
vap00117,keep,,
vap00118,keep,,
vap00119,keep,,
vap00120,keep,,
vap00121,keep,,
vap00122,keep,,
vap00123,keep,,
vap00124,keep,,
vap00125,keep,,
vap00126,keep,,
vap00127,keep,,
vap00128,keep,,
vap00129,keep,,
vap00130,keep,,
vap00131,keep,,
vap00132,keep,,
vap00133,keep,,
vap00134,keep,,
vap00135,reject,,头发遮挡且侧脸被裁切，面部不完整
vap00136,keep,,
vap00137,keep,,
vap00138,keep,,
vap00139,keep,,
vap00140,keep,,
vap00141,reject,,仅截取下半脸，眼部等主要五官缺失
vap00142,keep,,
vap00143,keep,,
vap00144,reject,,局部五官被截断，脸部不完整
vap00145,keep,,
vap00146,keep,,
vap00147,keep,,
vap00148,keep,,
vap00149,keep,,
vap00150,keep,,
vap00151,keep,,
vap00152,keep,,
vap00153,keep,,
vap00154,keep,,
vap00155,keep,,
vap00156,keep,,
vap00157,keep,,
vap00158,keep,,
vap00159,keep,,
vap00160,keep,,
vap00161,keep,,
vap00162,keep,,
vap00163,keep,,
vap00164,keep,,
vap00165,keep,,
vap00166,keep,,
vap00167,keep,,
vap00168,keep,,
vap00169,keep,,
vap00170,keep,,
vap00171,keep,,
vap00172,keep,,
vap00173,keep,,
vap00174,keep,,
vap00175,keep,,
vap00176,keep,,
vap00177,keep,,
vap00178,keep,,
vap00179,keep,,
vap00180,reject,,大面积头发遮挡，主要五官缺失
vap00181,keep,,
vap00182,keep,,
vap00183,keep,,
vap00184,keep,,
vap00185,keep,,
vap00186,keep,,
vap00187,keep,,
vap00188,keep,,
vap00189,keep,,
vap00190,keep,,
vap00191,keep,,
vap00192,keep,,
vap00193,reject,,错误框，画面杂线过多，未形成完整人脸
vap00194,keep,,
vap00195,keep,,
vap00196,keep,,
vap00197,keep,,
vap00198,keep,,
vap00199,keep,,
vap00200,keep,,
vap00201,keep,,
vap00202,keep,,
vap00203,keep,,
vap00204,keep,,
vap00205,keep,,
vap00206,keep,,
vap00207,keep,,
vap00208,keep,,
vap00209,keep,,
vap00210,reject,,脸部严重裁切且图像过浅，五官难以辨认
vap00211,keep,,
vap00212,keep,,
vap00213,keep,,
vap00214,keep,,
vap00215,keep,,
vap00216,keep,,
vap00217,keep,,
vap00218,keep,,
vap00219,keep,,
vap00220,reject,,脸部侧缘被截断，面部不完整
vap00221,keep,,
vap00222,keep,,
vap00223,keep,,
vap00224,keep,,
vap00225,keep,,
vap00226,keep,,
vap00227,keep,,
vap00228,keep,,
vap00229,keep,,
vap00230,reject,,脸部被背景或头发遮挡，完整面部不可辨认
vap00231,keep,,
vap00232,keep,,
vap00233,keep,,
vap00234,keep,,
vap00235,keep,,
vap00236,keep,,
vap00237,keep,,
vap00238,keep,,
vap00239,keep,,
van00000,reject,,负样本包含疑似人物头部及面部，存在标签冲突
van00001,keep,,
van00002,keep,,
van00003,keep,,
van00004,keep,,
van00005,keep,,
van00006,keep,,
van00007,keep,,
van00008,keep,,
van00009,keep,,
van00010,keep,,
van00011,keep,,
van00012,keep,,
van00013,keep,,
van00014,keep,,
van00015,keep,,
van00016,keep,,
van00017,keep,,
van00018,keep,,
van00019,keep,,
van00020,keep,,
van00021,keep,,
van00022,keep,,
van00023,keep,,
van00024,keep,,
van00025,keep,,
van00026,keep,,
van00027,keep,,
van00028,keep,,
van00029,keep,,
van00030,keep,,
van00031,keep,,
van00032,keep,,
van00033,keep,,
van00034,keep,,
van00035,keep,,
van00036,keep,,
van00037,keep,,
van00038,keep,,
van00039,keep,,
van00040,keep,,
van00041,keep,,
van00042,keep,,
van00043,keep,,
van00044,keep,,
van00045,keep,,
van00046,keep,,
van00047,keep,,
van00048,keep,,
van00049,keep,,
van00050,keep,,
van00051,keep,,
van00052,keep,,
van00053,keep,,
van00054,keep,,
van00055,keep,,
van00056,keep,,
van00057,keep,,
van00058,keep,,
van00059,keep,,
van00060,keep,,
van00061,keep,,
van00062,keep,,
van00063,keep,,
van00064,keep,,
van00065,keep,,
van00066,keep,,
van00067,keep,,
van00068,keep,,
van00069,keep,,
van00070,keep,,
van00071,keep,,
van00072,keep,,
van00073,keep,,
van00074,keep,,
van00075,keep,,
van00076,keep,,
van00077,keep,,
van00078,keep,,
van00079,keep,,
van00080,keep,,
van00081,keep,,
van00082,keep,,
van00083,keep,,
van00084,keep,,
van00085,keep,,
van00086,keep,,
van00087,keep,,
van00088,keep,,
van00089,keep,,
van00090,keep,,
van00091,keep,,
van00092,keep,,
van00093,keep,,
van00094,keep,,
van00095,keep,,
van00096,keep,,
van00097,keep,,
van00098,keep,,
van00099,keep,,
van00100,keep,,
van00101,keep,,
van00102,keep,,
van00103,keep,,
van00104,keep,,
van00105,keep,,
van00106,keep,,
van00107,keep,,
van00108,keep,,
van00109,keep,,
van00110,keep,,
van00111,reject,,负样本中出现疑似脸部轮廓，存在标签冲突
van00112,keep,,
van00113,keep,,
van00114,keep,,
van00115,keep,,
van00116,keep,,
van00117,reject,,负样本疑似包含人物面部局部，存在标签冲突
van00118,keep,,
van00119,keep,,
van00120,keep,,
van00121,keep,,
van00122,keep,,
van00123,keep,,
van00124,keep,,
van00125,keep,,
van00126,keep,,
van00127,keep,,
van00128,keep,,
van00129,keep,,
van00130,keep,,
van00131,keep,,
van00132,keep,,
van00133,keep,,
van00134,keep,,
van00135,keep,,
van00136,keep,,
van00137,keep,,
van00138,keep,,
van00139,keep,,
van00140,keep,,
van00141,keep,,
van00142,keep,,
van00143,keep,,
van00144,keep,,
van00145,keep,,
van00146,keep,,
van00147,keep,,
van00148,keep,,
van00149,keep,,
van00150,keep,,
van00151,keep,,
van00152,keep,,
van00153,keep,,
van00154,keep,,
van00155,keep,,
van00156,keep,,
van00157,keep,,
van00158,keep,,
van00159,keep,,
van00160,keep,,
van00161,keep,,
van00162,keep,,
van00163,keep,,
van00164,keep,,
van00165,keep,,
van00166,keep,,
van00167,keep,,
van00168,keep,,
van00169,keep,,
van00170,keep,,
van00171,keep,,
van00172,keep,,
van00173,keep,,
van00174,keep,,
van00175,keep,,
van00176,keep,,
van00177,keep,,
van00178,keep,,
van00179,keep,,
van00180,keep,,
van00181,keep,,
van00182,keep,,
van00183,keep,,
van00184,keep,,
van00185,keep,,
van00186,keep,,
van00187,keep,,
van00188,keep,,
van00189,keep,,
van00190,keep,,
van00191,keep,,
van00192,keep,,
van00193,keep,,
van00194,keep,,
van00195,keep,,
van00196,keep,,
van00197,keep,,
van00198,keep,,
van00199,keep,,
van00200,keep,,
van00201,keep,,
van00202,keep,,
van00203,keep,,
van00204,keep,,
van00205,keep,,
van00206,keep,,
van00207,keep,,
van00208,keep,,
van00209,keep,,
van00210,keep,,
van00211,keep,,
van00212,keep,,
van00213,keep,,
van00214,keep,,
van00215,keep,,
van00216,keep,,
van00217,keep,,
van00218,keep,,
van00219,keep,,
van00220,keep,,
van00221,keep,,
van00222,keep,,
van00223,keep,,
van00224,keep,,
van00225,keep,,
van00226,keep,,
van00227,keep,,
van00228,keep,,
van00229,keep,,
van00230,keep,,
van00231,reject,,负样本中混入疑似人脸区域，存在标签冲突
van00232,keep,,
van00233,keep,,
van00234,keep,,
van00235,keep,,
van00236,keep,,
van00237,keep,,
van00238,keep,,
van00239,keep,,
tep00000,reject,,错误框，主体为画面线条及人物局部，未形成完整人脸
tep00001,keep,,
tep00002,keep,,
tep00003,keep,,
tep00004,reject,,侧脸被裁切，面部主要区域不完整
tep00005,keep,,
tep00006,keep,,
tep00007,keep,,
tep00008,keep,,
tep00009,keep,,
tep00010,keep,,
tep00011,keep,,
tep00012,keep,,
tep00013,keep,,
tep00014,reject,,头发遮挡且面部被截断，仅保留局部五官
tep00015,keep,,
tep00016,keep,,
tep00017,keep,,
tep00018,keep,,
tep00019,keep,,
tep00020,keep,,
tep00021,keep,,
tep00022,keep,,
tep00023,keep,,
tep00024,keep,,
tep00025,keep,,
tep00026,keep,,
tep00027,keep,,
tep00028,keep,,
tep00029,keep,,
tep00030,keep,,
tep00031,keep,,
tep00032,keep,,
tep00033,keep,,
tep00034,keep,,
tep00035,keep,,
tep00036,keep,,
tep00037,keep,,
tep00038,keep,,
tep00039,keep,,
tep00040,keep,,
tep00041,keep,,
tep00042,keep,,
tep00043,keep,,
tep00044,keep,,
tep00045,keep,,
tep00046,keep,,
tep00047,keep,,
tep00048,keep,,
tep00049,keep,,
tep00050,keep,,
tep00051,keep,,
tep00052,keep,,
tep00053,keep,,
tep00054,keep,,
tep00055,keep,,
tep00056,keep,,
tep00057,keep,,
tep00058,keep,,
tep00059,keep,,
tep00060,keep,,
tep00061,keep,,
tep00062,keep,,
tep00063,keep,,
tep00064,keep,,
tep00065,keep,,
tep00066,keep,,
tep00067,keep,,
tep00068,reject,,画面过浅，五官难以辨认
tep00069,reject,,错误框，混入画面边框，未准确截取完整人脸
tep00070,keep,,
tep00071,keep,,
tep00072,keep,,
tep00073,keep,,
tep00074,keep,,
tep00075,keep,,
tep00076,keep,,
tep00077,keep,,
tep00078,keep,,
tep00079,keep,,
tep00080,keep,,
tep00081,keep,,
tep00082,keep,,
tep00083,keep,,
tep00084,keep,,
tep00085,keep,,
tep00086,keep,,
tep00087,keep,,
tep00088,keep,,
tep00089,keep,,
tep00090,reject,,图像模糊、对比度低，面部结构难以辨认
tep00091,keep,,
tep00092,keep,,
tep00093,keep,,
tep00094,keep,,
tep00095,keep,,
tep00096,keep,,
tep00097,keep,,
tep00098,keep,,
tep00099,keep,,
tep00100,keep,,
tep00101,keep,,
tep00102,keep,,
tep00103,keep,,
tep00104,keep,,
tep00105,keep,,
tep00106,keep,,
tep00107,keep,,
tep00108,keep,,
tep00109,keep,,
tep00110,keep,,
tep00111,keep,,
tep00112,keep,,
tep00113,keep,,
tep00114,keep,,
tep00115,keep,,
tep00116,keep,,
tep00117,keep,,
tep00118,keep,,
tep00119,keep,,
tep00120,keep,,
tep00121,keep,,
tep00122,keep,,
tep00123,keep,,
tep00124,keep,,
tep00125,keep,,
tep00126,keep,,
tep00127,keep,,
tep00128,keep,,
tep00129,keep,,
tep00130,keep,,
tep00131,keep,,
tep00132,keep,,
tep00133,keep,,
tep00134,keep,,
tep00135,keep,,
tep00136,keep,,
tep00137,keep,,
tep00138,keep,,
tep00139,keep,,
tep00140,keep,,
tep00141,keep,,
tep00142,keep,,
tep00143,keep,,
tep00144,keep,,
tep00145,keep,,
tep00146,keep,,
tep00147,keep,,
tep00148,keep,,
tep00149,keep,,
tep00150,keep,,
tep00151,keep,,
tep00152,keep,,
tep00153,keep,,
tep00154,reject,,仅截取侧脸局部，面部不完整
tep00155,keep,,
tep00156,keep,,
tep00157,keep,,
tep00158,keep,,
tep00159,keep,,
tep00160,keep,,
tep00161,keep,,
tep00162,keep,,
tep00163,keep,,
tep00164,keep,,
tep00165,keep,,
tep00166,keep,,
tep00167,keep,,
tep00168,keep,,
tep00169,keep,,
tep00170,keep,,
tep00171,keep,,
tep00172,keep,,
tep00173,keep,,
tep00174,keep,,
tep00175,keep,,
tep00176,keep,,
tep00177,keep,,
tep00178,keep,,
tep00179,keep,,
tep00180,keep,,
tep00181,reject,,大面积深色遮挡，面部关键区域缺失
tep00182,keep,,
tep00183,keep,,
tep00184,reject,,脸部位于裁剪边缘，主要五官未完整保留
tep00185,keep,,
tep00186,keep,,
tep00187,keep,,
tep00188,keep,,
tep00189,keep,,
tep00190,keep,,
tep00191,keep,,
tep00192,keep,,
tep00193,keep,,
tep00194,keep,,
tep00195,keep,,
tep00196,keep,,
tep00197,keep,,
tep00198,keep,,
tep00199,keep,,
tep00200,keep,,
tep00201,keep,,
tep00202,keep,,
tep00203,keep,,
tep00204,keep,,
tep00205,keep,,
tep00206,keep,,
tep00207,keep,,
tep00208,keep,,
tep00209,keep,,
tep00210,keep,,
tep00211,keep,,
tep00212,keep,,
tep00213,keep,,
tep00214,keep,,
tep00215,keep,,
tep00216,keep,,
tep00217,keep,,
tep00218,keep,,
tep00219,keep,,
tep00220,keep,,
tep00221,keep,,
tep00222,keep,,
tep00223,keep,,
tep00224,keep,,
tep00225,keep,,
tep00226,keep,,
tep00227,keep,,
tep00228,keep,,
tep00229,keep,,
tep00230,keep,,
tep00231,reject,,错误框，非面部内容占比过高，脸部不完整
tep00232,keep,,
tep00233,keep,,
tep00234,keep,,
tep00235,keep,,
tep00236,keep,,
tep00237,keep,,
tep00238,keep,,
tep00239,reject,,裁剪范围偏移，面部五官被截断
tep00240,keep,,
tep00241,keep,,
tep00242,keep,,
tep00243,keep,,
tep00244,keep,,
tep00245,keep,,
tep00246,keep,,
tep00247,keep,,
tep00248,keep,,
tep00249,keep,,
tep00250,keep,,
tep00251,keep,,
tep00252,keep,,
tep00253,keep,,
tep00254,keep,,
tep00255,keep,,
tep00256,keep,,
tep00257,keep,,
tep00258,keep,,
tep00259,keep,,
tep00260,keep,,
tep00261,keep,,
tep00262,keep,,
tep00263,keep,,
tep00264,keep,,
tep00265,keep,,
tep00266,keep,,
tep00267,keep,,
tep00268,keep,,
tep00269,keep,,
tep00270,keep,,
tep00271,keep,,
tep00272,keep,,
tep00273,keep,,
tep00274,keep,,
tep00275,keep,,
tep00276,keep,,
tep00277,keep,,
tep00278,keep,,
tep00279,keep,,
tep00280,keep,,
tep00281,keep,,
tep00282,keep,,
tep00283,keep,,
tep00284,keep,,
tep00285,keep,,
tep00286,keep,,
tep00287,keep,,
tep00288,keep,,
tep00289,keep,,
tep00290,keep,,
tep00291,keep,,
tep00292,reject,,侧脸轮廓不完整，五官不足以确认完整人脸
tep00293,keep,,
tep00294,keep,,
tep00295,keep,,
tep00296,keep,,
tep00297,keep,,
tep00298,keep,,
tep00299,keep,,
tep00300,keep,,
tep00301,keep,,
tep00302,keep,,
tep00303,keep,,
tep00304,keep,,
tep00305,keep,,
tep00306,keep,,
tep00307,keep,,
tep00308,keep,,
tep00309,keep,,
tep00310,keep,,
tep00311,keep,,
tep00312,keep,,
tep00313,keep,,
tep00314,keep,,
tep00315,keep,,
tep00316,keep,,
tep00317,keep,,
tep00318,keep,,
tep00319,keep,,
tep00320,keep,,
tep00321,keep,,
tep00322,keep,,
tep00323,reject,,仅保留眼部及周边区域，非完整人脸
tep00324,keep,,
tep00325,keep,,
tep00326,keep,,
tep00327,keep,,
tep00328,keep,,
tep00329,keep,,
tep00330,keep,,
tep00331,keep,,
tep00332,keep,,
tep00333,keep,,
tep00334,keep,,
tep00335,keep,,
tep00336,keep,,
tep00337,keep,,
tep00338,keep,,
tep00339,keep,,
tep00340,keep,,
tep00341,reject,,仅保留局部眼部和面部轮廓，非完整人脸
tep00342,keep,,
tep00343,keep,,
tep00344,reject,,仅保留嘴部及部分面部，脸部被裁切
tep00345,keep,,
tep00346,keep,,
tep00347,keep,,
tep00348,keep,,
tep00349,keep,,
tep00350,keep,,
tep00351,keep,,
tep00352,keep,,
tep00353,keep,,
tep00354,keep,,
tep00355,keep,,
tep00356,keep,,
tep00357,keep,,
tep00358,keep,,
tep00359,reject,,面部被裁切并混入边框，五官不完整
ten00000,keep,,
ten00001,keep,,
ten00002,keep,,
ten00003,keep,,
ten00004,reject,,负样本中出现疑似动漫人物脸部及五官，存在标签冲突
ten00005,keep,,
ten00006,keep,,
ten00007,keep,,
ten00008,keep,,
ten00009,keep,,
ten00010,keep,,
ten00011,keep,,
ten00012,keep,,
ten00013,keep,,
ten00014,keep,,
ten00015,keep,,
ten00016,keep,,
ten00017,reject,,负样本包含可辨认的人脸，存在标签冲突
ten00018,keep,,
ten00019,keep,,
ten00020,keep,,
ten00021,keep,,
ten00022,keep,,
ten00023,keep,,
ten00024,keep,,
ten00025,keep,,
ten00026,keep,,
ten00027,keep,,
ten00028,keep,,
ten00029,keep,,
ten00030,keep,,
ten00031,keep,,
ten00032,keep,,
ten00033,keep,,
ten00034,keep,,
ten00035,keep,,
ten00036,keep,,
ten00037,keep,,
ten00038,keep,,
ten00039,keep,,
ten00040,keep,,
ten00041,keep,,
ten00042,keep,,
ten00043,keep,,
ten00044,keep,,
ten00045,keep,,
ten00046,keep,,
ten00047,keep,,
ten00048,keep,,
ten00049,keep,,
ten00050,keep,,
ten00051,keep,,
ten00052,keep,,
ten00053,keep,,
ten00054,keep,,
ten00055,keep,,
ten00056,keep,,
ten00057,keep,,
ten00058,keep,,
ten00059,keep,,
ten00060,keep,,
ten00061,keep,,
ten00062,keep,,
ten00063,keep,,
ten00064,keep,,
ten00065,keep,,
ten00066,keep,,
ten00067,keep,,
ten00068,keep,,
ten00069,keep,,
ten00070,keep,,
ten00071,keep,,
ten00072,keep,,
ten00073,keep,,
ten00074,keep,,
ten00075,keep,,
ten00076,keep,,
ten00077,keep,,
ten00078,keep,,
ten00079,keep,,
ten00080,keep,,
ten00081,keep,,
ten00082,keep,,
ten00083,keep,,
ten00084,keep,,
ten00085,reject,,负样本包含疑似局部人脸，不能作为纯非脸样本
ten00086,keep,,
ten00087,keep,,
ten00088,keep,,
ten00089,keep,,
ten00090,keep,,
ten00091,keep,,
ten00092,keep,,
ten00093,keep,,
ten00094,keep,,
ten00095,keep,,
ten00096,keep,,
ten00097,keep,,
ten00098,keep,,
ten00099,keep,,
ten00100,keep,,
ten00101,keep,,
ten00102,keep,,
ten00103,keep,,
ten00104,keep,,
ten00105,keep,,
ten00106,keep,,
ten00107,keep,,
ten00108,keep,,
ten00109,keep,,
ten00110,keep,,
ten00111,keep,,
ten00112,keep,,
ten00113,keep,,
ten00114,keep,,
ten00115,keep,,
ten00116,keep,,
ten00117,keep,,
ten00118,keep,,
ten00119,keep,,
ten00120,keep,,
ten00121,keep,,
ten00122,keep,,
ten00123,keep,,
ten00124,keep,,
ten00125,keep,,
ten00126,keep,,
ten00127,keep,,
ten00128,keep,,
ten00129,reject,,负样本包含人物头部和面部区域，存在标签冲突
ten00130,keep,,
ten00131,keep,,
ten00132,reject,,负样本包含疑似脸部轮廓及五官，存在标签冲突
ten00133,keep,,
ten00134,keep,,
ten00135,keep,,
ten00136,keep,,
ten00137,keep,,
ten00138,keep,,
ten00139,keep,,
ten00140,keep,,
ten00141,keep,,
ten00142,keep,,
ten00143,keep,,
ten00144,keep,,
ten00145,keep,,
ten00146,keep,,
ten00147,keep,,
ten00148,keep,,
ten00149,keep,,
ten00150,keep,,
ten00151,keep,,
ten00152,keep,,
ten00153,keep,,
ten00154,keep,,
ten00155,keep,,
ten00156,keep,,
ten00157,keep,,
ten00158,keep,,
ten00159,keep,,
ten00160,keep,,
ten00161,keep,,
ten00162,keep,,
ten00163,keep,,
ten00164,keep,,
ten00165,keep,,
ten00166,keep,,
ten00167,keep,,
ten00168,keep,,
ten00169,keep,,
ten00170,keep,,
ten00171,keep,,
ten00172,keep,,
ten00173,keep,,
ten00174,keep,,
ten00175,keep,,
ten00176,keep,,
ten00177,keep,,
ten00178,keep,,
ten00179,keep,,
ten00180,keep,,
ten00181,keep,,
ten00182,keep,,
ten00183,keep,,
ten00184,keep,,
ten00185,keep,,
ten00186,keep,,
ten00187,keep,,
ten00188,keep,,
ten00189,keep,,
ten00190,keep,,
ten00191,keep,,
ten00192,keep,,
ten00193,keep,,
ten00194,keep,,
ten00195,keep,,
ten00196,keep,,
ten00197,keep,,
ten00198,keep,,
ten00199,keep,,
ten00200,keep,,
ten00201,keep,,
ten00202,keep,,
ten00203,keep,,
ten00204,reject,,负样本包含可辨认的人脸，存在标签冲突
ten00205,keep,,
ten00206,keep,,
ten00207,keep,,
ten00208,keep,,
ten00209,keep,,
ten00210,keep,,
ten00211,keep,,
ten00212,keep,,
ten00213,keep,,
ten00214,keep,,
ten00215,keep,,
ten00216,keep,,
ten00217,keep,,
ten00218,keep,,
ten00219,keep,,
ten00220,keep,,
ten00221,keep,,
ten00222,keep,,
ten00223,keep,,
ten00224,keep,,
ten00225,keep,,
ten00226,keep,,
ten00227,keep,,
ten00228,keep,,
ten00229,keep,,
ten00230,keep,,
ten00231,keep,,
ten00232,keep,,
ten00233,keep,,
ten00234,keep,,
ten00235,keep,,
ten00236,keep,,
ten00237,keep,,
ten00238,keep,,
ten00239,keep,,
ten00240,keep,,
ten00241,keep,,
ten00242,keep,,
ten00243,keep,,
ten00244,keep,,
ten00245,keep,,
ten00246,keep,,
ten00247,keep,,
ten00248,keep,,
ten00249,keep,,
ten00250,keep,,
ten00251,keep,,
ten00252,keep,,
ten00253,keep,,
ten00254,keep,,
ten00255,keep,,
ten00256,keep,,
ten00257,keep,,
ten00258,keep,,
ten00259,keep,,
ten00260,keep,,
ten00261,keep,,
ten00262,keep,,
ten00263,keep,,
ten00264,keep,,
ten00265,keep,,
ten00266,keep,,
ten00267,keep,,
ten00268,keep,,
ten00269,keep,,
ten00270,keep,,
ten00271,keep,,
ten00272,keep,,
ten00273,keep,,
ten00274,keep,,
ten00275,keep,,
ten00276,keep,,
ten00277,keep,,
ten00278,keep,,
ten00279,keep,,
ten00280,keep,,
ten00281,keep,,
ten00282,keep,,
ten00283,keep,,
ten00284,keep,,
ten00285,keep,,
ten00286,keep,,
ten00287,keep,,
ten00288,keep,,
ten00289,keep,,
ten00290,keep,,
ten00291,keep,,
ten00292,keep,,
ten00293,keep,,
ten00294,keep,,
ten00295,keep,,
ten00296,keep,,
ten00297,keep,,
ten00298,keep,,
ten00299,keep,,
ten00300,keep,,
ten00301,keep,,
ten00302,keep,,
ten00303,keep,,
ten00304,keep,,
ten00305,keep,,
ten00306,keep,,
ten00307,keep,,
ten00308,keep,,
ten00309,keep,,
ten00310,keep,,
ten00311,keep,,
ten00312,keep,,
ten00313,keep,,
ten00314,keep,,
ten00315,keep,,
ten00316,keep,,
ten00317,keep,,
ten00318,keep,,
ten00319,keep,,
ten00320,keep,,
ten00321,keep,,
ten00322,keep,,
ten00323,keep,,
ten00324,keep,,
ten00325,keep,,
ten00326,keep,,
ten00327,keep,,
ten00328,keep,,
ten00329,keep,,
ten00330,keep,,
ten00331,keep,,
ten00332,keep,,
ten00333,keep,,
ten00334,keep,,
ten00335,keep,,
ten00336,keep,,
ten00337,keep,,
ten00338,keep,,
ten00339,keep,,
ten00340,keep,,
ten00341,keep,,
ten00342,keep,,
ten00343,keep,,
ten00344,keep,,
ten00345,keep,,
ten00346,keep,,
ten00347,keep,,
ten00348,keep,,
ten00349,keep,,
ten00350,keep,,
ten00351,keep,,
ten00352,keep,,
ten00353,keep,,
ten00354,keep,,
ten00355,keep,,
ten00356,keep,,
ten00357,keep,,
ten00358,keep,,
ten00359,keep,,
