id,page_id,parent_image_path,bbox_xyxy,cascade_score,hog_score,split,review_decision,texture_category,review_note
fp000,manga109:YoumaKourin:083,raw/manga109/images/YoumaKourin/083.jpg,"[62, 866, 185, 990]",1.3362328575444642,1.1821782507126546,train,accept_negative,scene_lines,人工查看裁剪和上下文，候选框内未见完整人脸
fp001,manga109:YoumaKourin:083,raw/manga109/images/YoumaKourin/083.jpg,"[569, 107, 783, 322]",1.3094027314365522,1.4021268319400368,train,reject,uncertain_face,候选区域含小人物，脸部是否落入框内不够明确
fp002,manga109:YoumaKourin:083,raw/manga109/images/YoumaKourin/083.jpg,"[119, 12, 191, 84]",1.2223502487259734,1.0625186232537231,train,accept_negative,scene_lines,人工查看裁剪和上下文，候选框内未见完整人脸
fp003,manga109:YoumaKourin:083,raw/manga109/images/YoumaKourin/083.jpg,"[1143, 146, 1246, 249]",1.1668664230004775,1.0332555313692673,train,accept_negative,scene_lines,人工查看裁剪和上下文，候选框内未见完整人脸
fp004,manga109:LoveHina_vol01:083,raw/manga109/images/LoveHina_vol01/083.jpg,"[534, 179, 747, 393]",1.3176836045371643,1.0612744094132172,train,accept_negative,text,人工查看裁剪和上下文，候选框内未见完整人脸
fp005,manga109:LoveHina_vol01:083,raw/manga109/images/LoveHina_vol01/083.jpg,"[1305, 805, 1483, 984]",1.1763812174342205,0.8751988573964518,train,accept_negative,text,人工查看裁剪和上下文，候选框内未见完整人脸
fp006,manga109:LoveHina_vol01:083,raw/manga109/images/LoveHina_vol01/083.jpg,"[467, 968, 508, 1009]",0.9468789206473641,0.8203762912620061,train,accept_negative,text,人工查看裁剪和上下文，候选框内未见完整人脸
fp007,manga109:LoveHina_vol01:083,raw/manga109/images/LoveHina_vol01/083.jpg,"[284, 516, 387, 619]",0.7247719578138482,0.7941377541326258,train,accept_negative,text,人工查看裁剪和上下文，候选框内未见完整人脸
fp008,manga109:MiraiSan:030,raw/manga109/images/MiraiSan/030.jpg,"[473, 531, 522, 581]",1.3632096227287505,0.9089905394855258,train,accept_negative,pattern,人工查看裁剪和上下文，候选框内未见完整人脸
fp009,manga109:MiraiSan:030,raw/manga109/images/MiraiSan/030.jpg,"[1300, 86, 1341, 128]",1.1667372923855852,1.0607234768714697,train,accept_negative,halftone,人工查看裁剪和上下文，候选框内未见完整人脸
fp010,manga109:MiraiSan:030,raw/manga109/images/MiraiSan/030.jpg,"[592, 772, 652, 831]",0.9854917400444102,1.2639223194273939,train,accept_negative,pattern,人工查看裁剪和上下文，候选框内未见完整人脸
fp011,manga109:MiraiSan:030,raw/manga109/images/MiraiSan/030.jpg,"[1068, 15, 1246, 194]",0.8371108910114333,0.8697693293804516,train,accept_negative,text,人工查看裁剪和上下文，候选框内未见完整人脸
fp012,manga109:SaladDays_vol18:070,raw/manga109/images/SaladDays_vol18/070.jpg,"[924, 1059, 1010, 1145]",0.8681248756123401,0.8445232397070992,train,accept_negative,scene_lines,人工查看裁剪和上下文，候选框内未见完整人脸
fp013,manga109:SaladDays_vol18:070,raw/manga109/images/SaladDays_vol18/070.jpg,"[1020, 969, 1144, 1093]",0.7751836186617195,1.5033941829755344,train,accept_negative,body_clothing,人工查看裁剪和上下文，候选框内未见完整人脸
fp014,manga109:SaladDays_vol18:070,raw/manga109/images/SaladDays_vol18/070.jpg,"[518, 614, 568, 664]",0.7403160812932525,1.0172801326594882,train,accept_negative,text,人工查看裁剪和上下文，候选框内未见完整人脸
fp015,manga109:SaladDays_vol18:070,raw/manga109/images/SaladDays_vol18/070.jpg,"[684, 522, 726, 563]",0.38051743517972714,0.9084773188033406,train,accept_negative,text,人工查看裁剪和上下文，候选框内未见完整人脸
fp016,manga109:ParaisoRoad:057,raw/manga109/images/ParaisoRoad/057.jpg,"[487, 232, 529, 273]",1.354304652296092,0.907903782725608,train,accept_negative,hair,人工查看裁剪和上下文，候选框内未见完整人脸
fp017,manga109:ParaisoRoad:057,raw/manga109/images/ParaisoRoad/057.jpg,"[410, 506, 460, 556]",1.253567509413624,1.038467692176848,train,reject,uncertain_face,候选区域含小人物脸部，不能安全当负例
fp018,manga109:ParaisoRoad:057,raw/manga109/images/ParaisoRoad/057.jpg,"[448, 578, 507, 637]",1.2317077916747847,0.8197827206653017,train,accept_negative,body_clothing,人工查看裁剪和上下文，候选框内未见完整人脸
fp019,manga109:ParaisoRoad:057,raw/manga109/images/ParaisoRoad/057.jpg,"[1487, 167, 1558, 239]",1.070532980815989,0.7999786575801391,train,accept_negative,body_clothing,人工查看裁剪和上下文，候选框内未见完整人脸
fp020,manga109:KarappoHighschool:119,raw/manga109/images/KarappoHighschool/119.jpg,"[335, 433, 483, 582]",1.4746722422643597,0.8158899772441845,train,reject,complete_face,完整人脸，可能为漏标
fp021,manga109:KarappoHighschool:119,raw/manga109/images/KarappoHighschool/119.jpg,"[945, 755, 995, 805]",1.1031459205679155,1.1050335695936022,train,accept_negative,hair,人工查看裁剪和上下文，候选框内未见完整人脸
fp022,manga109:KarappoHighschool:119,raw/manga109/images/KarappoHighschool/119.jpg,"[1532, 1011, 1592, 1070]",1.0572599706358805,1.3044607556532064,train,accept_negative,scene_lines,人工查看裁剪和上下文，候选框内未见完整人脸
fp023,manga109:KarappoHighschool:119,raw/manga109/images/KarappoHighschool/119.jpg,"[1407, 809, 1448, 850]",0.9705397301885309,1.007757309538988,train,accept_negative,text,人工查看裁剪和上下文，候选框内未见完整人脸
fp024,manga109:That'sIzumiko:033,raw/manga109/images/That'sIzumiko/033.jpg,"[516, 701, 601, 787]",1.3448996481810913,1.2122814468856369,train,reject,uncertain_face,局部人物脸部形态有歧义，保守排除
fp025,manga109:That'sIzumiko:033,raw/manga109/images/That'sIzumiko/033.jpg,"[713, 365, 763, 415]",1.323181345384585,1.0089535013308915,train,accept_negative,pattern,人工查看裁剪和上下文，候选框内未见完整人脸
fp026,manga109:That'sIzumiko:033,raw/manga109/images/That'sIzumiko/033.jpg,"[1391, 782, 1463, 854]",0.8154062638529553,0.8272734137849023,train,accept_negative,hair,人工查看裁剪和上下文，候选框内未见完整人脸
fp027,manga109:That'sIzumiko:033,raw/manga109/images/That'sIzumiko/033.jpg,"[1091, 26, 1194, 129]",0.808463889990717,0.8707348537317232,train,accept_negative,pattern,人工查看裁剪和上下文，候选框内未见完整人脸
fp028,manga109:LoveHina_vol14:012,raw/manga109/images/LoveHina_vol14/012.jpg,"[165, 330, 289, 454]",1.135423897543191,1.0020244537896321,train,accept_negative,text,人工查看裁剪和上下文，候选框内未见完整人脸
fp029,manga109:LoveHina_vol14:012,raw/manga109/images/LoveHina_vol14/012.jpg,"[41, 577, 91, 626]",1.058552746622235,1.1642875265579296,train,accept_negative,halftone,人工查看裁剪和上下文，候选框内未见完整人脸
fp030,manga109:LoveHina_vol14:012,raw/manga109/images/LoveHina_vol14/012.jpg,"[145, 593, 195, 643]",0.7323625576346461,1.040858061771809,train,accept_negative,halftone,人工查看裁剪和上下文，候选框内未见完整人脸
fp031,manga109:LoveHina_vol14:012,raw/manga109/images/LoveHina_vol14/012.jpg,"[537, 1033, 609, 1104]",0.5037981507039937,1.0659751929272243,train,accept_negative,scene_lines,人工查看裁剪和上下文，候选框内未见完整人脸
