image_id,image_path,source_dataset,source_group,split,width,height,manual_face_labels,baseline_face_labels
anime256:311509-20034.jpg,raw/anime256/311509-20034.jpg,anime256,311509,train,256,256,0,0
anime256:225763-12894.jpg,raw/anime256/225763-12894.jpg,anime256,225763,train,256,256,0,0
anime256:89563-28701.jpg,raw/anime256/89563-28701.jpg,anime256,89563,train,256,256,0,0
anime256:222027-12557.jpg,raw/anime256/222027-12557.jpg,anime256,222027,train,256,256,0,0
anime256:109796-1139.jpg,raw/anime256/109796-1139.jpg,anime256,109796,train,256,256,0,0
anime256:240004-14153.jpg,raw/anime256/240004-14153.jpg,anime256,240004,train,256,256,0,0
anime256:96062-29215.jpg,raw/anime256/96062-29215.jpg,anime256,96062,train,256,256,0,0
anime256:17710-8282.jpg,raw/anime256/17710-8282.jpg,anime256,17710,train,256,256,0,0
anime256:164032-6680.jpg,raw/anime256/164032-6680.jpg,anime256,164032,train,256,256,0,0
anime256:41576-22879.jpg,raw/anime256/41576-22879.jpg,anime256,41576,train,256,256,0,0
anime256:133213-3501.jpg,raw/anime256/133213-3501.jpg,anime256,133213,train,256,256,0,0
anime256:157580-6233.jpg,raw/anime256/157580-6233.jpg,anime256,157580,train,256,256,0,0
anime256:198337-10346.jpg,raw/anime256/198337-10346.jpg,anime256,198337,train,256,256,0,0
anime256:212508-11841.jpg,raw/anime256/212508-11841.jpg,anime256,212508,train,256,256,0,0
anime256:259940-16044.jpg,raw/anime256/259940-16044.jpg,anime256,259940,train,256,256,0,0
anime256:wallhaven-3z8dzy-559.jpg,raw/anime256/wallhaven-3z8dzy-559.jpg,anime256,wallhaven-3z8dzy,train,256,256,0,0
anime256:270410-16809.jpg,raw/anime256/270410-16809.jpg,anime256,270410,train,256,256,0,0
anime256:65181-25693.jpg,raw/anime256/65181-25693.jpg,anime256,65181,train,256,256,0,0
anime256:218873-12342.jpg,raw/anime256/218873-12342.jpg,anime256,218873,train,256,256,0,0
anime256:294527-18863.jpg,raw/anime256/294527-18863.jpg,anime256,294527,train,256,256,0,0
anime256:17806-8434.jpg,raw/anime256/17806-8434.jpg,anime256,17806,train,256,256,0,0
anime256:wallhaven-8ow6vo-1832.jpg,raw/anime256/wallhaven-8ow6vo-1832.jpg,anime256,wallhaven-8ow6vo,train,256,256,0,0
anime256:wallhaven-76xye3-1732.jpg,raw/anime256/wallhaven-76xye3-1732.jpg,anime256,wallhaven-76xye3,train,256,256,0,0
anime256:212112-11718.jpg,raw/anime256/212112-11718.jpg,anime256,212112,train,256,256,0,0
anime256:174814-7979.jpg,raw/anime256/174814-7979.jpg,anime256,174814,train,256,256,0,0
anime256:171435-7515.jpg,raw/anime256/171435-7515.jpg,anime256,171435,train,256,256,0,0
anime256:147603-5347.jpg,raw/anime256/147603-5347.jpg,anime256,147603,train,256,256,0,0
anime256:123583-2745.jpg,raw/anime256/123583-2745.jpg,anime256,123583,train,256,256,0,0
anime256:wallhaven-m9oxr1-3090.jpg,raw/anime256/wallhaven-m9oxr1-3090.jpg,anime256,wallhaven-m9oxr1,train,256,256,0,0
anime256:144126-4816.jpg,raw/anime256/144126-4816.jpg,anime256,144126,train,256,256,0,0
anime256:92750-28915.jpg,raw/anime256/92750-28915.jpg,anime256,92750,train,256,256,0,0
anime256:wallhaven-2k63km-470.jpg,raw/anime256/wallhaven-2k63km-470.jpg,anime256,wallhaven-2k63km,train,256,256,0,0
anime256:325545-21039.jpg,raw/anime256/325545-21039.jpg,anime256,325545,train,256,256,0,0
anime256:24706-15176.jpg,raw/anime256/24706-15176.jpg,anime256,24706,train,256,256,0,0
anime256:314747-20283.jpg,raw/anime256/314747-20283.jpg,anime256,314747,train,256,256,0,0
anime256:wallhaven-285q5g-395.jpg,raw/anime256/wallhaven-285q5g-395.jpg,anime256,wallhaven-285q5g,train,256,256,0,0
anime256:129985-3218.jpg,raw/anime256/129985-3218.jpg,anime256,129985,train,256,256,0,0
anime256:294176-18761.jpg,raw/anime256/294176-18761.jpg,anime256,294176,train,256,256,0,0
anime256:44743-23519.jpg,raw/anime256/44743-23519.jpg,anime256,44743,train,256,256,0,0
anime256:191724-9689.jpg,raw/anime256/191724-9689.jpg,anime256,191724,train,256,256,0,0
anime256:147346-5223.jpg,raw/anime256/147346-5223.jpg,anime256,147346,train,256,256,0,0
anime256:17315-7743.jpg,raw/anime256/17315-7743.jpg,anime256,17315,train,256,256,0,0
anime256:324912-20948.jpg,raw/anime256/324912-20948.jpg,anime256,324912,train,256,256,0,0
anime256:105981-602.jpg,raw/anime256/105981-602.jpg,anime256,105981,train,256,256,0,0
anime256:324714-20916.jpg,raw/anime256/324714-20916.jpg,anime256,324714,train,256,256,0,0
anime256:110279-1367.jpg,raw/anime256/110279-1367.jpg,anime256,110279,train,256,256,0,0
anime256:130781-3494.jpg,raw/anime256/130781-3494.jpg,anime256,130781,train,256,256,0,0
anime256:7014-26492.jpg,raw/anime256/7014-26492.jpg,anime256,7014,train,256,256,0,0
anime256:198333-10337.jpg,raw/anime256/198333-10337.jpg,anime256,198333,train,256,256,0,0
anime256:99554-29559.jpg,raw/anime256/99554-29559.jpg,anime256,99554,train,256,256,0,0
anime256:75850-27329.jpg,raw/anime256/75850-27329.jpg,anime256,75850,train,256,256,0,0
anime256:120197-2374.jpg,raw/anime256/120197-2374.jpg,anime256,120197,train,256,256,0,0
anime256:wallhaven-8o8vdk-1795.jpg,raw/anime256/wallhaven-8o8vdk-1795.jpg,anime256,wallhaven-8o8vdk,train,256,256,0,0
anime256:65703-25939.jpg,raw/anime256/65703-25939.jpg,anime256,65703,train,256,256,0,0
anime256:106019-617.jpg,raw/anime256/106019-617.jpg,anime256,106019,train,256,256,0,0
anime256:232799-13432.jpg,raw/anime256/232799-13432.jpg,anime256,232799,train,256,256,0,0
anime256:164307-6782.jpg,raw/anime256/164307-6782.jpg,anime256,164307,train,256,256,0,0
anime256:17506-8093.jpg,raw/anime256/17506-8093.jpg,anime256,17506,train,256,256,0,0
anime256:82377-28025.jpg,raw/anime256/82377-28025.jpg,anime256,82377,train,256,256,0,0
anime256:321670-20820.jpg,raw/anime256/321670-20820.jpg,anime256,321670,train,256,256,0,0
anime256:158004-6328.jpg,raw/anime256/158004-6328.jpg,anime256,158004,train,256,256,0,0
anime256:181355-8762.jpg,raw/anime256/181355-8762.jpg,anime256,181355,train,256,256,0,0
anime256:wallhaven-q6ed6d-3771.jpg,raw/anime256/wallhaven-q6ed6d-3771.jpg,anime256,wallhaven-q6ed6d,train,256,256,0,0
anime256:226357-13069.jpg,raw/anime256/226357-13069.jpg,anime256,226357,train,256,256,0,0
anime256:44846-23554.jpg,raw/anime256/44846-23554.jpg,anime256,44846,train,256,256,0,0
anime256:3873-22506.jpg,raw/anime256/3873-22506.jpg,anime256,3873,train,256,256,0,0
anime256:311453-20018.jpg,raw/anime256/311453-20018.jpg,anime256,311453,train,256,256,0,0
anime256:24229-14250.jpg,raw/anime256/24229-14250.jpg,anime256,24229,train,256,256,0,0
anime256:47984-23823.jpg,raw/anime256/47984-23823.jpg,anime256,47984,train,256,256,0,0
anime256:314865-20305.jpg,raw/anime256/314865-20305.jpg,anime256,314865,train,256,256,0,0
anime256:263791-16419.jpg,raw/anime256/263791-16419.jpg,anime256,263791,train,256,256,0,0
anime256:283552-17994.jpg,raw/anime256/283552-17994.jpg,anime256,283552,train,256,256,0,0
anime256:212558-11880.jpg,raw/anime256/212558-11880.jpg,anime256,212558,train,256,256,0,0
anime256:45127-23691.jpg,raw/anime256/45127-23691.jpg,anime256,45127,train,256,256,0,0
anime256:106206-664.jpg,raw/anime256/106206-664.jpg,anime256,106206,train,256,256,0,0
anime256:wallhaven-r2ok6j-3864.jpg,raw/anime256/wallhaven-r2ok6j-3864.jpg,anime256,wallhaven-r2ok6j,train,256,256,0,0
anime256:205590-11012.jpg,raw/anime256/205590-11012.jpg,anime256,205590,train,256,256,0,0
anime256:34513-21731.jpg,raw/anime256/34513-21731.jpg,anime256,34513,train,256,256,0,0
anime256:226127-13001.jpg,raw/anime256/226127-13001.jpg,anime256,226127,train,256,256,0,0
anime256:267195-16618.jpg,raw/anime256/267195-16618.jpg,anime256,267195,train,256,256,0,0
anime256:44470-23388.jpg,raw/anime256/44470-23388.jpg,anime256,44470,train,256,256,0,0
anime256:71997-26622.jpg,raw/anime256/71997-26622.jpg,anime256,71997,train,256,256,0,0
anime256:283851-18042.jpg,raw/anime256/283851-18042.jpg,anime256,283851,train,256,256,0,0
anime256:334755-21379.jpg,raw/anime256/334755-21379.jpg,anime256,334755,train,256,256,0,0
anime256:58311-24988.jpg,raw/anime256/58311-24988.jpg,anime256,58311,train,256,256,0,0
anime256:17527-8160.jpg,raw/anime256/17527-8160.jpg,anime256,17527,train,256,256,0,0
anime256:96390-29341.jpg,raw/anime256/96390-29341.jpg,anime256,96390,train,256,256,0,0
anime256:191494-9603.jpg,raw/anime256/191494-9603.jpg,anime256,191494,train,256,256,0,0
anime256:48760-24121.jpg,raw/anime256/48760-24121.jpg,anime256,48760,train,256,256,0,0
anime256:246656-15079.jpg,raw/anime256/246656-15079.jpg,anime256,246656,train,256,256,0,0
anime256:294050-18730.jpg,raw/anime256/294050-18730.jpg,anime256,294050,train,256,256,0,0
anime256:205742-11070.jpg,raw/anime256/205742-11070.jpg,anime256,205742,train,256,256,0,0
anime256:69210-26386.jpg,raw/anime256/69210-26386.jpg,anime256,69210,train,256,256,0,0
anime256:212127-11723.jpg,raw/anime256/212127-11723.jpg,anime256,212127,train,256,256,0,0
anime256:54990-24652.jpg,raw/anime256/54990-24652.jpg,anime256,54990,train,256,256,0,0
anime256:133837-3640.jpg,raw/anime256/133837-3640.jpg,anime256,133837,train,256,256,0,0
anime256:171290-7483.jpg,raw/anime256/171290-7483.jpg,anime256,171290,train,256,256,0,0
anime256:239976-14146.jpg,raw/anime256/239976-14146.jpg,anime256,239976,train,256,256,0,0
anime256:123538-2721.jpg,raw/anime256/123538-2721.jpg,anime256,123538,train,256,256,0,0
anime256:96055-29212.jpg,raw/anime256/96055-29212.jpg,anime256,96055,train,256,256,0,0
anime256:95651-29111.jpg,raw/anime256/95651-29111.jpg,anime256,95651,train,256,256,0,0
anime256:wallhaven-k75xyq-2770.jpg,raw/anime256/wallhaven-k75xyq-2770.jpg,anime256,wallhaven-k75xyq,train,256,256,0,0
anime256:133284-3517.jpg,raw/anime256/133284-3517.jpg,anime256,133284,train,256,256,0,0
anime256:304255-19385.jpg,raw/anime256/304255-19385.jpg,anime256,304255,train,256,256,0,0
anime256:38206-22264.jpg,raw/anime256/38206-22264.jpg,anime256,38206,train,256,256,0,0
anime256:58422-25010.jpg,raw/anime256/58422-25010.jpg,anime256,58422,train,256,256,0,0
anime256:140172-4135.jpg,raw/anime256/140172-4135.jpg,anime256,140172,train,256,256,0,0
anime256:34682-21764.jpg,raw/anime256/34682-21764.jpg,anime256,34682,train,256,256,0,0
anime256:65573-25860.jpg,raw/anime256/65573-25860.jpg,anime256,65573,train,256,256,0,0
anime256:185131-9210.jpg,raw/anime256/185131-9210.jpg,anime256,185131,train,256,256,0,0
anime256:78697-27614.jpg,raw/anime256/78697-27614.jpg,anime256,78697,train,256,256,0,0
anime256:wallhaven-9my7xk-2022.jpg,raw/anime256/wallhaven-9my7xk-2022.jpg,anime256,wallhaven-9my7xk,train,256,256,0,0
anime256:wallhaven-43l164-735.jpg,raw/anime256/wallhaven-43l164-735.jpg,anime256,wallhaven-43l164,train,256,256,0,0
anime256:wallhaven-2ekm7m-455.jpg,raw/anime256/wallhaven-2ekm7m-455.jpg,anime256,wallhaven-2ekm7m,train,256,256,0,0
anime256:82480-28084.jpg,raw/anime256/82480-28084.jpg,anime256,82480,train,256,256,0,0
anime256:wallhaven-83lzp2-1761.jpg,raw/anime256/wallhaven-83lzp2-1761.jpg,anime256,wallhaven-83lzp2,train,256,256,0,0
anime256:20862-11275.jpg,raw/anime256/20862-11275.jpg,anime256,20862,train,256,256,0,0
anime256:277378-17391.jpg,raw/anime256/277378-17391.jpg,anime256,277378,train,256,256,0,0
anime256:198194-10295.jpg,raw/anime256/198194-10295.jpg,anime256,198194,train,256,256,0,0
anime256:205894-11124.jpg,raw/anime256/205894-11124.jpg,anime256,205894,train,256,256,0,0
anime256:116922-2137.jpg,raw/anime256/116922-2137.jpg,anime256,116922,train,256,256,0,0
anime256:273857-17046.jpg,raw/anime256/273857-17046.jpg,anime256,273857,train,256,256,0,0
anime256:7562-27228.jpg,raw/anime256/7562-27228.jpg,anime256,7562,train,256,256,0,0
anime256:294229-18786.jpg,raw/anime256/294229-18786.jpg,anime256,294229,train,256,256,0,0
anime256:226189-13019.jpg,raw/anime256/226189-13019.jpg,anime256,226189,train,256,256,0,0
anime256:4261-23296.jpg,raw/anime256/4261-23296.jpg,anime256,4261,train,256,256,0,0
anime256:253322-15587.jpg,raw/anime256/253322-15587.jpg,anime256,253322,train,256,256,0,0
anime256:170948-7323.jpg,raw/anime256/170948-7323.jpg,anime256,170948,train,256,256,0,0
anime256:280428-17775.jpg,raw/anime256/280428-17775.jpg,anime256,280428,train,256,256,0,0
anime256:61829-25391.jpg,raw/anime256/61829-25391.jpg,anime256,61829,train,256,256,0,0
anime256:wallhaven-y8lryd-4450.jpg,raw/anime256/wallhaven-y8lryd-4450.jpg,anime256,wallhaven-y8lryd,train,256,256,0,0
anime256:wallhaven-dpq2lm-2139.jpg,raw/anime256/wallhaven-dpq2lm-2139.jpg,anime256,wallhaven-dpq2lm,train,256,256,0,0
anime256:34797-21819.jpg,raw/anime256/34797-21819.jpg,anime256,34797,train,256,256,0,0
anime256:48374-23960.jpg,raw/anime256/48374-23960.jpg,anime256,48374,train,256,256,0,0
anime256:140477-4249.jpg,raw/anime256/140477-4249.jpg,anime256,140477,train,256,256,0,0
anime256:wallhaven-kwqemd-2868.jpg,raw/anime256/wallhaven-kwqemd-2868.jpg,anime256,wallhaven-kwqemd,train,256,256,0,0
anime256:219308-12440.jpg,raw/anime256/219308-12440.jpg,anime256,219308,train,256,256,0,0
anime256:110064-1288.jpg,raw/anime256/110064-1288.jpg,anime256,110064,train,256,256,0,0
anime256:wallhaven-45x68n-807.jpg,raw/anime256/wallhaven-45x68n-807.jpg,anime256,wallhaven-45x68n,train,256,256,0,0
anime256:171143-7439.jpg,raw/anime256/171143-7439.jpg,anime256,171143,train,256,256,0,0
anime256:89663-28727.jpg,raw/anime256/89663-28727.jpg,anime256,89663,train,256,256,0,0
anime256:3849-22407.jpg,raw/anime256/3849-22407.jpg,anime256,3849,train,256,256,0,0
anime256:301297-19293.jpg,raw/anime256/301297-19293.jpg,anime256,301297,train,256,256,0,0
anime256:202452-10785.jpg,raw/anime256/202452-10785.jpg,anime256,202452,train,256,256,0,0
anime256:301171-19254.jpg,raw/anime256/301171-19254.jpg,anime256,301171,train,256,256,0,0
anime256:wallhaven-1j966g-289.jpg,raw/anime256/wallhaven-1j966g-289.jpg,anime256,wallhaven-1j966g,train,256,256,0,0
anime256:331434-21232.jpg,raw/anime256/331434-21232.jpg,anime256,331434,train,256,256,0,0
anime256:41243-22750.jpg,raw/anime256/41243-22750.jpg,anime256,41243,train,256,256,0,0
anime256:263948-16451.jpg,raw/anime256/263948-16451.jpg,anime256,263948,train,256,256,0,0
anime256:106828-830.jpg,raw/anime256/106828-830.jpg,anime256,106828,train,256,256,0,0
anime256:72062-26648.jpg,raw/anime256/72062-26648.jpg,anime256,72062,train,256,256,0,0
anime256:147335-5218.jpg,raw/anime256/147335-5218.jpg,anime256,147335,train,256,256,0,0
anime256:48206-23869.jpg,raw/anime256/48206-23869.jpg,anime256,48206,train,256,256,0,0
anime256:wallhaven-8ow8qk-1834.jpg,raw/anime256/wallhaven-8ow8qk-1834.jpg,anime256,wallhaven-8ow8qk,train,256,256,0,0
anime256:wallhaven-k75ee7-2761.jpg,raw/anime256/wallhaven-k75ee7-2761.jpg,anime256,wallhaven-k75ee7,train,256,256,0,0
anime256:270285-16787.jpg,raw/anime256/270285-16787.jpg,anime256,270285,train,256,256,0,0
anime256:201974-10670.jpg,raw/anime256/201974-10670.jpg,anime256,201974,train,256,256,0,0
anime256:38483-22399.jpg,raw/anime256/38483-22399.jpg,anime256,38483,train,256,256,0,0
anime256:79356-27827.jpg,raw/anime256/79356-27827.jpg,anime256,79356,train,256,256,0,0
anime256:331396-21227.jpg,raw/anime256/331396-21227.jpg,anime256,331396,train,256,256,0,0
anime256:10754-888.jpg,raw/anime256/10754-888.jpg,anime256,10754,train,256,256,0,0
anime256:79273-27795.jpg,raw/anime256/79273-27795.jpg,anime256,79273,train,256,256,0,0
anime256:79141-27757.jpg,raw/anime256/79141-27757.jpg,anime256,79141,train,256,256,0,0
anime256:88917-28551.jpg,raw/anime256/88917-28551.jpg,anime256,88917,train,256,256,0,0
anime256:72634-26910.jpg,raw/anime256/72634-26910.jpg,anime256,72634,train,256,256,0,0
anime256:wallhaven-6o6wl7-1482.jpg,raw/anime256/wallhaven-6o6wl7-1482.jpg,anime256,wallhaven-6o6wl7,train,256,256,0,0
anime256:229464-13224.jpg,raw/anime256/229464-13224.jpg,anime256,229464,train,256,256,0,0
anime256:wallhaven-0qo1jr-163.jpg,raw/anime256/wallhaven-0qo1jr-163.jpg,anime256,wallhaven-0qo1jr,train,256,256,0,0
anime256:wallhaven-43jj39-732.jpg,raw/anime256/wallhaven-43jj39-732.jpg,anime256,wallhaven-43jj39,train,256,256,0,0
anime256:147580-5342.jpg,raw/anime256/147580-5342.jpg,anime256,147580,train,256,256,0,0
anime256:256173-15693.jpg,raw/anime256/256173-15693.jpg,anime256,256173,train,256,256,0,0
anime256:194948-9924.jpg,raw/anime256/194948-9924.jpg,anime256,194948,train,256,256,0,0
anime256:239483-13985.jpg,raw/anime256/239483-13985.jpg,anime256,239483,train,256,256,0,0
anime256:3794-22129.jpg,raw/anime256/3794-22129.jpg,anime256,3794,train,256,256,0,0
anime256:222539-12689.jpg,raw/anime256/222539-12689.jpg,anime256,222539,train,256,256,0,0
anime256:wallhaven-57g277-1298.jpg,raw/anime256/wallhaven-57g277-1298.jpg,anime256,wallhaven-57g277,train,256,256,0,0
anime256:246121-14840.jpg,raw/anime256/246121-14840.jpg,anime256,246121,train,256,256,0,0
anime256:38492-22416.jpg,raw/anime256/38492-22416.jpg,anime256,38492,train,256,256,0,0
anime256:314656-20256.jpg,raw/anime256/314656-20256.jpg,anime256,314656,train,256,256,0,0
anime256:wallhaven-47xoeo-831.jpg,raw/anime256/wallhaven-47xoeo-831.jpg,anime256,wallhaven-47xoeo,train,256,256,0,0
anime256:194780-9886.jpg,raw/anime256/194780-9886.jpg,anime256,194780,train,256,256,0,0
anime256:301175-19257.jpg,raw/anime256/301175-19257.jpg,anime256,301175,train,256,256,0,0
anime256:130550-3386.jpg,raw/anime256/130550-3386.jpg,anime256,130550,train,256,256,0,0
anime256:188750-9523.jpg,raw/anime256/188750-9523.jpg,anime256,188750,train,256,256,0,0
anime256:116745-1973.jpg,raw/anime256/116745-1973.jpg,anime256,116745,train,256,256,0,0
anime256:106425-709.jpg,raw/anime256/106425-709.jpg,anime256,106425,train,256,256,0,0
anime256:38315-22350.jpg,raw/anime256/38315-22350.jpg,anime256,38315,train,256,256,0,0
anime256:222167-12609.jpg,raw/anime256/222167-12609.jpg,anime256,222167,train,256,256,0,0
anime256:75488-27160.jpg,raw/anime256/75488-27160.jpg,anime256,75488,train,256,256,0,0
anime256:wallhaven-nkol11-3273.jpg,raw/anime256/wallhaven-nkol11-3273.jpg,anime256,wallhaven-nkol11,train,256,256,0,0
anime256:69080-26295.jpg,raw/anime256/69080-26295.jpg,anime256,69080,train,256,256,0,0
anime256:27393-17071.jpg,raw/anime256/27393-17071.jpg,anime256,27393,train,256,256,0,0
anime256:116200-1832.jpg,raw/anime256/116200-1832.jpg,anime256,116200,train,256,256,0,0
anime256:10926-969.jpg,raw/anime256/10926-969.jpg,anime256,10926,train,256,256,0,0
anime256:wallhaven-eoy13o-2294.jpg,raw/anime256/wallhaven-eoy13o-2294.jpg,anime256,wallhaven-eoy13o,train,256,256,0,0
anime256:88870-28538.jpg,raw/anime256/88870-28538.jpg,anime256,88870,validation,256,256,0,0
anime256:126840-3028.jpg,raw/anime256/126840-3028.jpg,anime256,126840,validation,256,256,0,0
anime256:233262-13614.jpg,raw/anime256/233262-13614.jpg,anime256,233262,validation,256,256,0,0
anime256:wallhaven-ymw56d-4580.jpg,raw/anime256/wallhaven-ymw56d-4580.jpg,anime256,wallhaven-ymw56d,validation,256,256,0,0
anime256:wallhaven-gj95r3-2537.jpg,raw/anime256/wallhaven-gj95r3-2537.jpg,anime256,wallhaven-gj95r3,validation,256,256,0,0
anime256:229280-13171.jpg,raw/anime256/229280-13171.jpg,anime256,229280,validation,256,256,0,0
anime256:332342-21359.jpg,raw/anime256/332342-21359.jpg,anime256,332342,validation,256,256,0,0
anime256:181383-8769.jpg,raw/anime256/181383-8769.jpg,anime256,181383,validation,256,256,0,0
anime256:120288-2407.jpg,raw/anime256/120288-2407.jpg,anime256,120288,validation,256,256,0,0
anime256:192101-9842.jpg,raw/anime256/192101-9842.jpg,anime256,192101,validation,256,256,0,0
anime256:95705-29119.jpg,raw/anime256/95705-29119.jpg,anime256,95705,validation,256,256,0,0
anime256:153767-5813.jpg,raw/anime256/153767-5813.jpg,anime256,153767,validation,256,256,0,0
anime256:47973-23819.jpg,raw/anime256/47973-23819.jpg,anime256,47973,validation,256,256,0,0
anime256:307602-19610.jpg,raw/anime256/307602-19610.jpg,anime256,307602,validation,256,256,0,0
anime256:194840-9909.jpg,raw/anime256/194840-9909.jpg,anime256,194840,validation,256,256,0,0
anime256:55016-24670.jpg,raw/anime256/55016-24670.jpg,anime256,55016,validation,256,256,0,0
anime256:wallhaven-4d3q93-924.jpg,raw/anime256/wallhaven-4d3q93-924.jpg,anime256,wallhaven-4d3q93,validation,256,256,0,0
anime256:wallhaven-9mwpmk-2010.jpg,raw/anime256/wallhaven-9mwpmk-2010.jpg,anime256,wallhaven-9mwpmk,validation,256,256,0,0
anime256:253219-15570.jpg,raw/anime256/253219-15570.jpg,anime256,253219,validation,256,256,0,0
anime256:wallhaven-l3pypq-2955.jpg,raw/anime256/wallhaven-l3pypq-2955.jpg,anime256,wallhaven-l3pypq,validation,256,256,0,0
anime256:116825-2011.jpg,raw/anime256/116825-2011.jpg,anime256,116825,validation,256,256,0,0
anime256:273990-17097.jpg,raw/anime256/273990-17097.jpg,anime256,273990,validation,256,256,0,0
anime256:294535-18866.jpg,raw/anime256/294535-18866.jpg,anime256,294535,validation,256,256,0,0
anime256:14072-4312.jpg,raw/anime256/14072-4312.jpg,anime256,14072,validation,256,256,0,0
anime256:308302-19818.jpg,raw/anime256/308302-19818.jpg,anime256,308302,validation,256,256,0,0
anime256:wallhaven-578357-1293.jpg,raw/anime256/wallhaven-578357-1293.jpg,anime256,wallhaven-578357,validation,256,256,0,0
anime256:6884-26200.jpg,raw/anime256/6884-26200.jpg,anime256,6884,validation,256,256,0,0
anime256:31046-19867.jpg,raw/anime256/31046-19867.jpg,anime256,31046,validation,256,256,0,0
anime256:wallhaven-3k5w23-531.jpg,raw/anime256/wallhaven-3k5w23-531.jpg,anime256,wallhaven-3k5w23,validation,256,256,0,0
anime256:44528-23420.jpg,raw/anime256/44528-23420.jpg,anime256,44528,validation,256,256,0,0
anime256:174673-7927.jpg,raw/anime256/174673-7927.jpg,anime256,174673,test,256,256,0,0
anime256:232686-13411.jpg,raw/anime256/232686-13411.jpg,anime256,232686,test,256,256,0,0
anime256:62326-25595.jpg,raw/anime256/62326-25595.jpg,anime256,62326,test,256,256,0,0
anime256:85989-28435.jpg,raw/anime256/85989-28435.jpg,anime256,85989,test,256,256,0,0
anime256:308340-19830.jpg,raw/anime256/308340-19830.jpg,anime256,308340,test,256,256,0,0
anime256:wallhaven-6oz3lq-1516.jpg,raw/anime256/wallhaven-6oz3lq-1516.jpg,anime256,wallhaven-6oz3lq,test,256,256,0,0
anime256:133278-3516.jpg,raw/anime256/133278-3516.jpg,anime256,133278,test,256,256,0,0
anime256:wallhaven-wqke56-4161.jpg,raw/anime256/wallhaven-wqke56-4161.jpg,anime256,wallhaven-wqke56,test,256,256,0,0
anime256:3753-22028.jpg,raw/anime256/3753-22028.jpg,anime256,3753,test,256,256,0,0
anime256:48234-23875.jpg,raw/anime256/48234-23875.jpg,anime256,48234,test,256,256,0,0
anime256:212021-11683.jpg,raw/anime256/212021-11683.jpg,anime256,212021,test,256,256,0,0
anime256:48757-24114.jpg,raw/anime256/48757-24114.jpg,anime256,48757,test,256,256,0,0
anime256:150927-5662.jpg,raw/anime256/150927-5662.jpg,anime256,150927,test,256,256,0,0
anime256:151078-5752.jpg,raw/anime256/151078-5752.jpg,anime256,151078,test,256,256,0,0
anime256:270675-16897.jpg,raw/anime256/270675-16897.jpg,anime256,270675,test,256,256,0,0
anime256:14531-5057.jpg,raw/anime256/14531-5057.jpg,anime256,14531,test,256,256,0,0
anime256:222839-12781.jpg,raw/anime256/222839-12781.jpg,anime256,222839,test,256,256,0,0
anime256:294217-18781.jpg,raw/anime256/294217-18781.jpg,anime256,294217,test,256,256,0,0
anime256:102884-127.jpg,raw/anime256/102884-127.jpg,anime256,102884,test,256,256,0,0
anime256:41319-22800.jpg,raw/anime256/41319-22800.jpg,anime256,41319,test,256,256,0,0
anime256:215189-12062.jpg,raw/anime256/215189-12062.jpg,anime256,215189,test,256,256,0,0
anime256:328550-21150.jpg,raw/anime256/328550-21150.jpg,anime256,328550,test,256,256,0,0
anime256:wallhaven-48zo5k-865.jpg,raw/anime256/wallhaven-48zo5k-865.jpg,anime256,wallhaven-48zo5k,test,256,256,0,0
anime256:324465-20892.jpg,raw/anime256/324465-20892.jpg,anime256,324465,test,256,256,0,0
anime256:103382-391.jpg,raw/anime256/103382-391.jpg,anime256,103382,test,256,256,0,0
anime256:587-25118.jpg,raw/anime256/587-25118.jpg,anime256,587,test,256,256,0,0
anime256:208879-11363.jpg,raw/anime256/208879-11363.jpg,anime256,208879,test,256,256,0,0
anime256:68357-26010.jpg,raw/anime256/68357-26010.jpg,anime256,68357,test,256,256,0,0
anime256:wallhaven-vgq585-4088.jpg,raw/anime256/wallhaven-vgq585-4088.jpg,anime256,wallhaven-vgq585,test,256,256,0,0
anime256:174863-8015.jpg,raw/anime256/174863-8015.jpg,anime256,174863,test,256,256,0,0
anime256:44814-23540.jpg,raw/anime256/44814-23540.jpg,anime256,44814,test,256,256,0,0
