model,gate,tp,fp,fn,precision,recall,f1
historical_search128,baseline,57,36587,16,0.001555507040716079,0.7808219178082192,0.0031048288258844676
historical_search128,rbf0.75_side36,33,438,40,0.07006369426751592,0.4520547945205479,0.1213235294117647
historical_search128,rbf1_side36,27,266,46,0.09215017064846416,0.3698630136986301,0.14754098360655737
historical_search128,rbf1.25_side36,22,161,51,0.12021857923497267,0.3013698630136986,0.171875
historical_search128,rbf1.5_side36,21,103,52,0.1693548387096774,0.2876712328767123,0.2131979695431472
historical_search128,rbf1.75_side36,21,60,52,0.25925925925925924,0.2876712328767123,0.2727272727272727
historical_search128,rbf2_side36,15,38,58,0.2830188679245283,0.2054794520547945,0.23809523809523808
cascade_auto_v1_round1,baseline,52,39747,21,0.0013065654915952662,0.7123287671232876,0.002608346709470305
cascade_auto_v1_round1,rbf0.75_side36,25,394,48,0.059665871121718374,0.3424657534246575,0.1016260162601626
cascade_auto_v1_round1,rbf1_side36,24,243,49,0.0898876404494382,0.3287671232876712,0.1411764705882353
cascade_auto_v1_round1,rbf1.25_side36,23,152,50,0.13142857142857142,0.3150684931506849,0.18548387096774194
cascade_auto_v1_round1,rbf1.5_side36,17,76,56,0.1827956989247312,0.2328767123287671,0.20481927710843373
cascade_auto_v1_round1,rbf1.75_side36,14,42,59,0.25,0.1917808219178082,0.21705426356589147
cascade_auto_v1_round1,rbf2_side36,11,23,62,0.3235294117647059,0.1506849315068493,0.205607476635514
cascade_auto_v1_round2,baseline,54,43115,19,0.0012508976348768793,0.7397260273972602,0.002497571805189399
cascade_auto_v1_round2,rbf0.75_side36,29,393,44,0.06872037914691943,0.3972602739726027,0.11717171717171718
cascade_auto_v1_round2,rbf1_side36,24,229,49,0.09486166007905138,0.3287671232876712,0.147239263803681
cascade_auto_v1_round2,rbf1.25_side36,17,143,56,0.10625,0.2328767123287671,0.1459227467811159
cascade_auto_v1_round2,rbf1.5_side36,12,78,61,0.13333333333333333,0.1643835616438356,0.147239263803681
cascade_auto_v1_round2,rbf1.75_side36,12,49,61,0.19672131147540983,0.1643835616438356,0.1791044776119403
cascade_auto_v1_round2,rbf2_side36,8,26,65,0.23529411764705882,0.1095890410958904,0.14953271028037382
cascade_auto_v1_round3,baseline,59,36510,14,0.0016133883890727119,0.8082191780821918,0.0032203482342666886
cascade_auto_v1_round3,rbf0.75_side36,34,400,39,0.07834101382488479,0.4657534246575342,0.1341222879684418
cascade_auto_v1_round3,rbf1_side36,29,238,44,0.10861423220973783,0.3972602739726027,0.17058823529411765
cascade_auto_v1_round3,rbf1.25_side36,22,142,51,0.13414634146341464,0.3013698630136986,0.18565400843881857
cascade_auto_v1_round3,rbf1.5_side36,18,64,55,0.21951219512195122,0.2465753424657534,0.23225806451612904
cascade_auto_v1_round3,rbf1.75_side36,15,42,58,0.2631578947368421,0.2054794520547945,0.23076923076923078
cascade_auto_v1_round3,rbf2_side36,10,24,63,0.29411764705882354,0.136986301369863,0.18691588785046728
fresh_mined_geometry_capacity,baseline,55,35133,18,0.0015630328521086733,0.7534246575342466,0.003119593885595984
fresh_mined_geometry_capacity,rbf0.75_side36,25,347,48,0.06720430107526881,0.3424657534246575,0.11235955056179775
fresh_mined_geometry_capacity,rbf1_side36,20,220,53,0.08333333333333333,0.273972602739726,0.12779552715654952
fresh_mined_geometry_capacity,rbf1.25_side36,15,115,58,0.11538461538461539,0.2054794520547945,0.1477832512315271
fresh_mined_geometry_capacity,rbf1.5_side36,11,63,62,0.14864864864864866,0.1506849315068493,0.14965986394557823
fresh_mined_geometry_capacity,rbf1.75_side36,9,38,64,0.19148936170212766,0.1232876712328767,0.15
fresh_mined_geometry_capacity,rbf2_side36,5,16,68,0.23809523809523808,0.0684931506849315,0.10638297872340426
fresh_mined_128trees,baseline,57,31895,16,0.0017839258888332498,0.7808219178082192,0.003559718969555035
fresh_mined_128trees,rbf0.75_side36,30,454,43,0.06198347107438017,0.410958904109589,0.10771992818671454
fresh_mined_128trees,rbf1_side36,25,278,48,0.08250825082508251,0.3424657534246575,0.13297872340425532
fresh_mined_128trees,rbf1.25_side36,17,162,56,0.09497206703910614,0.2328767123287671,0.1349206349206349
fresh_mined_128trees,rbf1.5_side36,12,98,61,0.10909090909090909,0.1643835616438356,0.13114754098360656
fresh_mined_128trees,rbf1.75_side36,9,52,64,0.14754098360655737,0.1232876712328767,0.13432835820895522
fresh_mined_128trees,rbf2_side36,2,28,71,0.06666666666666667,0.0273972602739726,0.038834951456310676
cascade_auto_recall098,baseline,56,26807,17,0.0020846517514797303,0.7671232876712328,0.004158004158004158
cascade_auto_recall098,rbf0.75_side36,28,442,45,0.059574468085106386,0.3835616438356164,0.10313075506445672
cascade_auto_recall098,rbf1_side36,24,272,49,0.08108108108108109,0.3287671232876712,0.13008130081300814
cascade_auto_recall098,rbf1.25_side36,17,162,56,0.09497206703910614,0.2328767123287671,0.1349206349206349
cascade_auto_recall098,rbf1.5_side36,12,98,61,0.10909090909090909,0.1643835616438356,0.13114754098360656
cascade_auto_recall098,rbf1.75_side36,9,52,64,0.14754098360655737,0.1232876712328767,0.13432835820895522
cascade_auto_recall098,rbf2_side36,2,26,71,0.07142857142857142,0.0273972602739726,0.039603960396039604
cascade_auto_recall095,baseline,57,21437,16,0.0026519028566111473,0.7808219178082192,0.00528585338711921
cascade_auto_recall095,rbf0.75_side36,28,441,45,0.05970149253731343,0.3835616438356164,0.1033210332103321
cascade_auto_recall095,rbf1_side36,24,271,49,0.08135593220338982,0.3287671232876712,0.13043478260869565
cascade_auto_recall095,rbf1.25_side36,17,160,56,0.096045197740113,0.2328767123287671,0.136
cascade_auto_recall095,rbf1.5_side36,12,99,61,0.10810810810810811,0.1643835616438356,0.13043478260869565
cascade_auto_recall095,rbf1.75_side36,9,52,64,0.14754098360655737,0.1232876712328767,0.13432835820895522
cascade_auto_recall095,rbf2_side36,2,25,71,0.07407407407407407,0.0273972602739726,0.04
curated_localization,baseline,57,27287,16,0.0020845523698069046,0.7808219178082192,0.004158004158004158
curated_localization,rbf0.75_side36,35,410,38,0.07865168539325842,0.4794520547945205,0.13513513513513514
curated_localization,rbf1_side36,33,240,40,0.12087912087912088,0.4520547945205479,0.1907514450867052
curated_localization,rbf1.25_side36,29,143,44,0.1686046511627907,0.3972602739726027,0.23673469387755103
curated_localization,rbf1.5_side36,24,81,49,0.22857142857142856,0.3287671232876712,0.2696629213483146
curated_localization,rbf1.75_side36,16,44,57,0.26666666666666666,0.2191780821917808,0.24060150375939848
curated_localization,rbf2_side36,14,21,59,0.4,0.1917808219178082,0.25925925925925924
curated_balanced,baseline,53,29872,20,0.0017710944026733501,0.726027397260274,0.0035335689045936395
curated_balanced,rbf0.75_side36,31,415,42,0.06950672645739911,0.4246575342465753,0.11946050096339114
curated_balanced,rbf1_side36,28,259,45,0.0975609756097561,0.3835616438356164,0.15555555555555556
curated_balanced,rbf1.25_side36,19,154,54,0.10982658959537572,0.2602739726027397,0.15447154471544716
curated_balanced,rbf1.5_side36,14,91,59,0.13333333333333333,0.1917808219178082,0.15730337078651685
curated_balanced,rbf1.75_side36,12,55,61,0.1791044776119403,0.1643835616438356,0.17142857142857143
curated_balanced,rbf2_side36,9,26,64,0.2571428571428571,0.1232876712328767,0.16666666666666666
